Namespace,Incident ID,Published,Risk Domain,Risk Subdomain,Entity,Timing,Intent
MIT,1,True,1. Discrimination and Toxicity,1.2. Exposure to toxic content,AI,Post-deployment,Unintentional
MIT,2,True,"7. AI system safety, failures, and limitations",7.3. Lack of capability or robustness,AI,Post-deployment,Unintentional
MIT,3,True,"7. AI system safety, failures, and limitations",7.3. Lack of capability or robustness,AI,Post-deployment,Unintentional
MIT,4,True,"7. AI system safety, failures, and limitations",7.3. Lack of capability or robustness,AI,Post-deployment,Unintentional
MIT,5,True,"7. AI system safety, failures, and limitations",7.3. Lack of capability or robustness,AI,Post-deployment,Unintentional
MIT,6,True,1. Discrimination and Toxicity,1.2. Exposure to toxic content,Human,Post-deployment,Intentional
MIT,7,True,"7. AI system safety, failures, and limitations",7.3. Lack of capability or robustness,AI,Post-deployment,Unintentional
MIT,8,True,"7. AI system safety, failures, and limitations",7.3. Lack of capability or robustness,AI,Post-deployment,Unintentional
MIT,9,True,"7. AI system safety, failures, and limitations",7.3. Lack of capability or robustness,AI,Post-deployment,Intentional
MIT,10,True,6. Socioeconomic & Environmental Harms,6.2. Increased inequality and decline in employment quality,AI,Post-deployment,Intentional
MIT,11,True,1. Discrimination and Toxicity,1.1. Unfair discrimination and misrepresentation,AI,Post-deployment,Unintentional
MIT,12,True,1. Discrimination and Toxicity,1.1. Unfair discrimination and misrepresentation,AI,Post-deployment,Unintentional
MIT,13,True,1. Discrimination and Toxicity,1.1. Unfair discrimination and misrepresentation,AI,Post-deployment,Unintentional
MIT,14,True,1. Discrimination and Toxicity,1.1. Unfair discrimination and misrepresentation,AI,Post-deployment,Unintentional
MIT,15,True,1. Discrimination and Toxicity,1.1. Unfair discrimination and misrepresentation,Human,Post-deployment,Other
MIT,16,True,1. Discrimination and Toxicity,1.1. Unfair discrimination and misrepresentation,AI,Post-deployment,Unintentional
MIT,17,True,5. Human-Computer Interaction,5.1. Overreliance and unsafe use,AI,Pre-deployment,Unintentional
MIT,18,True,1. Discrimination and Toxicity,1.1. Unfair discrimination and misrepresentation,AI,Post-deployment,Unintentional
MIT,19,True,1. Discrimination and Toxicity,1.1. Unfair discrimination and misrepresentation,AI,Post-deployment,Unintentional
MIT,20,True,"7. AI system safety, failures, and limitations",7.3. Lack of capability or robustness,AI,Post-deployment,Unintentional
MIT,21,True,"7. AI system safety, failures, and limitations",7.3. Lack of capability or robustness,Other,Other,Other
MIT,22,True,"7. AI system safety, failures, and limitations",7.3. Lack of capability or robustness,AI,Post-deployment,Unintentional
MIT,23,True,"7. AI system safety, failures, and limitations",7.3. Lack of capability or robustness,Human,Post-deployment,Unintentional
MIT,24,True,"7. AI system safety, failures, and limitations",7.3. Lack of capability or robustness,AI,Pre-deployment,Unintentional
MIT,25,True,"7. AI system safety, failures, and limitations",7.3. Lack of capability or robustness,AI,Post-deployment,Unintentional
MIT,26,True,2. Privacy & Security,2.2. AI system security vulnerabilities and attacks,AI,Post-deployment,Unintentional
MIT,27,True,"7. AI system safety, failures, and limitations",7.3. Lack of capability or robustness,AI,Post-deployment,Unintentional
MIT,28,True,4. Malicious Actors & Misuse,"4.3. Fraud, scams, and targeted manipulation",AI,Post-deployment,Intentional
MIT,29,True,"7. AI system safety, failures, and limitations",7.1. AI pursuing its own goals in conflict with human goals or values,AI,Pre-deployment,Unintentional
MIT,30,True,"7. AI system safety, failures, and limitations",7.3. Lack of capability or robustness,AI,Post-deployment,Unintentional
MIT,31,True,"7. AI system safety, failures, and limitations",7.3. Lack of capability or robustness,Human,Pre-deployment,Unintentional
MIT,32,True,2. Privacy & Security,2.2. AI system security vulnerabilities and attacks,AI,Post-deployment,Unintentional
MIT,33,True,"7. AI system safety, failures, and limitations",7.3. Lack of capability or robustness,AI,Post-deployment,Unintentional
MIT,34,True,"7. AI system safety, failures, and limitations",7.3. Lack of capability or robustness,AI,Post-deployment,Unintentional
MIT,35,True,"7. AI system safety, failures, and limitations",7.3. Lack of capability or robustness,AI,Post-deployment,Unintentional
MIT,36,True,"7. AI system safety, failures, and limitations",7.3. Lack of capability or robustness,AI,Post-deployment,Unintentional
MIT,37,True,1. Discrimination and Toxicity,1.1. Unfair discrimination and misrepresentation,AI,Post-deployment,Unintentional
MIT,38,True,"7. AI system safety, failures, and limitations",7.3. Lack of capability or robustness,AI,Post-deployment,Unintentional
MIT,39,True,3. Misinformation,3.1. False or misleading information,AI,Post-deployment,Intentional
MIT,40,True,1. Discrimination and Toxicity,1.1. Unfair discrimination and misrepresentation,AI,Post-deployment,Unintentional
MIT,41,True,"7. AI system safety, failures, and limitations",7.3. Lack of capability or robustness,Human,Post-deployment,Intentional
MIT,42,True,6. Socioeconomic & Environmental Harms,6.4. Competitive dynamics,Other,Other,Other
MIT,43,True,1. Discrimination and Toxicity,1.1. Unfair discrimination and misrepresentation,AI,Post-deployment,Unintentional
MIT,44,True,2. Privacy & Security,"2.1. Compromise of privacy by obtaining, leaking or correctly inferring sensitive information",AI,Post-deployment,Unintentional
MIT,45,True,3. Misinformation,3.1. False or misleading information,AI,Post-deployment,Unintentional
MIT,46,True,"7. AI system safety, failures, and limitations",7.3. Lack of capability or robustness,AI,Post-deployment,Unintentional
MIT,47,True,1. Discrimination and Toxicity,1.1. Unfair discrimination and misrepresentation,AI,Post-deployment,Unintentional
MIT,48,True,1. Discrimination and Toxicity,1.3. Unequal performance across groups,AI,Post-deployment,Unintentional
MIT,49,True,1. Discrimination and Toxicity,1.1. Unfair discrimination and misrepresentation,AI,Post-deployment,Unintentional
MIT,50,True,"7. AI system safety, failures, and limitations",7.3. Lack of capability or robustness,AI,Post-deployment,Unintentional
MIT,51,True,"7. AI system safety, failures, and limitations",7.3. Lack of capability or robustness,AI,Post-deployment,Unintentional
MIT,52,True,"7. AI system safety, failures, and limitations",7.3. Lack of capability or robustness,AI,Post-deployment,Unintentional
MIT,53,True,1. Discrimination and Toxicity,1.1. Unfair discrimination and misrepresentation,AI,Post-deployment,Unintentional
MIT,54,True,1. Discrimination and Toxicity,1.1. Unfair discrimination and misrepresentation,AI,Post-deployment,Unintentional
MIT,55,True,1. Discrimination and Toxicity,1.2. Exposure to toxic content,AI,Post-deployment,Unintentional
MIT,56,True,1. Discrimination and Toxicity,1.2. Exposure to toxic content,AI,Post-deployment,Unintentional
MIT,57,True,"7. AI system safety, failures, and limitations",7.3. Lack of capability or robustness,AI,Post-deployment,Unintentional
MIT,58,True,1. Discrimination and Toxicity,1.2. Exposure to toxic content,AI,Post-deployment,Unintentional
MIT,59,True,1. Discrimination and Toxicity,1.1. Unfair discrimination and misrepresentation,AI,Post-deployment,Unintentional
MIT,60,True,1. Discrimination and Toxicity,1.1. Unfair discrimination and misrepresentation,AI,Post-deployment,Unintentional
MIT,61,True,"7. AI system safety, failures, and limitations",7.3. Lack of capability or robustness,AI,Post-deployment,Unintentional
MIT,62,True,"7. AI system safety, failures, and limitations",7.3. Lack of capability or robustness,Other,Other,Other
MIT,63,True,"7. AI system safety, failures, and limitations",7.3. Lack of capability or robustness,AI,Post-deployment,Unintentional
MIT,64,True,"7. AI system safety, failures, and limitations",7.3. Lack of capability or robustness,AI,Post-deployment,Unintentional
MIT,65,True,"7. AI system safety, failures, and limitations",7.1. AI pursuing its own goals in conflict with human goals or values,AI,Post-deployment,Unintentional
MIT,66,True,3. Misinformation,3.1. False or misleading information,AI,Post-deployment,Unintentional
MIT,67,True,5. Human-Computer Interaction,5.1. Overreliance and unsafe use,Human,Post-deployment,Unintentional
MIT,68,True,"7. AI system safety, failures, and limitations",7.3. Lack of capability or robustness,AI,Post-deployment,Unintentional
MIT,69,True,"7. AI system safety, failures, and limitations",7.3. Lack of capability or robustness,AI,Post-deployment,Unintentional
MIT,70,True,"7. AI system safety, failures, and limitations",7.3. Lack of capability or robustness,AI,Post-deployment,Unintentional
MIT,71,True,"7. AI system safety, failures, and limitations",7.3. Lack of capability or robustness,AI,Post-deployment,Unintentional
MIT,72,True,"7. AI system safety, failures, and limitations",7.3. Lack of capability or robustness,AI,Post-deployment,Unintentional
MIT,73,True,1. Discrimination and Toxicity,1.1. Unfair discrimination and misrepresentation,AI,Post-deployment,Unintentional
MIT,74,True,1. Discrimination and Toxicity,1.3. Unequal performance across groups,AI,Post-deployment,Unintentional
MIT,75,True,1. Discrimination and Toxicity,1.1. Unfair discrimination and misrepresentation,AI,Post-deployment,Unintentional
MIT,76,True,2. Privacy & Security,"2.1. Compromise of privacy by obtaining, leaking or correctly inferring sensitive information",AI,Post-deployment,Intentional
MIT,77,True,"7. AI system safety, failures, and limitations",7.3. Lack of capability or robustness,AI,Post-deployment,Unintentional
MIT,78,True,"7. AI system safety, failures, and limitations",7.3. Lack of capability or robustness,AI,Post-deployment,Unintentional
MIT,79,True,1. Discrimination and Toxicity,1.1. Unfair discrimination and misrepresentation,AI,Post-deployment,Unintentional
MIT,80,True,"7. AI system safety, failures, and limitations",7.3. Lack of capability or robustness,AI,Post-deployment,Unintentional
MIT,81,True,1. Discrimination and Toxicity,1.3. Unequal performance across groups,AI,Pre-deployment,Unintentional
MIT,82,True,3. Misinformation,3.1. False or misleading information,AI,Post-deployment,Unintentional
MIT,83,True,1. Discrimination and Toxicity,1.1. Unfair discrimination and misrepresentation,AI,Post-deployment,Unintentional
MIT,84,True,3. Misinformation,3.1. False or misleading information,AI,Post-deployment,Unintentional
MIT,85,True,"7. AI system safety, failures, and limitations",7.3. Lack of capability or robustness,Other,Other,Other
MIT,86,True,"7. AI system safety, failures, and limitations",7.3. Lack of capability or robustness,AI,Post-deployment,Unintentional
MIT,87,True,1. Discrimination and Toxicity,1.3. Unequal performance across groups,AI,Post-deployment,Unintentional
MIT,88,True,1. Discrimination and Toxicity,1.2. Exposure to toxic content,Human,Post-deployment,Intentional
MIT,89,True,1. Discrimination and Toxicity,1.2. Exposure to toxic content,AI,Post-deployment,Unintentional
MIT,91,True,"7. AI system safety, failures, and limitations",7.3. Lack of capability or robustness,AI,Post-deployment,Unintentional
MIT,92,True,1. Discrimination and Toxicity,1.1. Unfair discrimination and misrepresentation,AI,Post-deployment,Unintentional
MIT,93,True,1. Discrimination and Toxicity,1.1. Unfair discrimination and misrepresentation,AI,Post-deployment,Unintentional
MIT,94,True,1. Discrimination and Toxicity,1.1. Unfair discrimination and misrepresentation,AI,Post-deployment,Unintentional
MIT,95,True,1. Discrimination and Toxicity,1.1. Unfair discrimination and misrepresentation,AI,Post-deployment,Intentional
MIT,96,True,"7. AI system safety, failures, and limitations",7.4. Lack of transparency or interpretability,AI,Post-deployment,Intentional
MIT,97,True,"7. AI system safety, failures, and limitations",7.3. Lack of capability or robustness,AI,Post-deployment,Unintentional
MIT,98,True,5. Human-Computer Interaction,5.1. Overreliance and unsafe use,Human,Post-deployment,Unintentional
MIT,99,True,1. Discrimination and Toxicity,1.1. Unfair discrimination and misrepresentation,AI,Post-deployment,Intentional
MIT,100,True,"7. AI system safety, failures, and limitations",7.3. Lack of capability or robustness,AI,Post-deployment,Unintentional
MIT,101,True,1. Discrimination and Toxicity,1.1. Unfair discrimination and misrepresentation,AI,Post-deployment,Unintentional
MIT,102,True,1. Discrimination and Toxicity,1.3. Unequal performance across groups,AI,Post-deployment,Unintentional
MIT,103,True,1. Discrimination and Toxicity,1.1. Unfair discrimination and misrepresentation,AI,Post-deployment,Unintentional
MIT,104,True,1. Discrimination and Toxicity,1.1. Unfair discrimination and misrepresentation,AI,Post-deployment,Unintentional
MIT,105,True,"7. AI system safety, failures, and limitations",7.3. Lack of capability or robustness,AI,Post-deployment,Unintentional
MIT,106,True,1. Discrimination and Toxicity,1.2. Exposure to toxic content,AI,Post-deployment,Unintentional
MIT,107,True,1. Discrimination and Toxicity,1.1. Unfair discrimination and misrepresentation,AI,Post-deployment,Intentional
MIT,108,True,1. Discrimination and Toxicity,1.3. Unequal performance across groups,AI,Post-deployment,Unintentional
MIT,109,True,2. Privacy & Security,"2.1. Compromise of privacy by obtaining, leaking or correctly inferring sensitive information",AI,Post-deployment,Unintentional
MIT,110,True,"7. AI system safety, failures, and limitations",7.3. Lack of capability or robustness,AI,Post-deployment,Unintentional
MIT,111,True,6. Socioeconomic & Environmental Harms,6.2. Increased inequality and decline in employment quality,AI,Post-deployment,Intentional
MIT,112,True,"7. AI system safety, failures, and limitations",7.3. Lack of capability or robustness,AI,Post-deployment,Unintentional
MIT,113,True,1. Discrimination and Toxicity,1.1. Unfair discrimination and misrepresentation,AI,Post-deployment,Unintentional
MIT,114,True,1. Discrimination and Toxicity,1.3. Unequal performance across groups,AI,Post-deployment,Unintentional
MIT,115,True,1. Discrimination and Toxicity,1.1. Unfair discrimination and misrepresentation,AI,Post-deployment,Unintentional
MIT,116,True,"7. AI system safety, failures, and limitations",7.3. Lack of capability or robustness,AI,Post-deployment,Unintentional
MIT,117,True,1. Discrimination and Toxicity,1.1. Unfair discrimination and misrepresentation,AI,Post-deployment,Unintentional
MIT,118,True,1. Discrimination and Toxicity,1.1. Unfair discrimination and misrepresentation,AI,Post-deployment,Unintentional
MIT,119,True,2. Privacy & Security,"2.1. Compromise of privacy by obtaining, leaking or correctly inferring sensitive information",AI,Post-deployment,Intentional
MIT,120,True,3. Misinformation,3.1. False or misleading information,AI,Post-deployment,Unintentional
MIT,121,True,4. Malicious Actors & Misuse,"4.2. Cyberattacks, weapon development or use, and mass harm",AI,Post-deployment,Intentional
MIT,122,True,2. Privacy & Security,"2.1. Compromise of privacy by obtaining, leaking or correctly inferring sensitive information",Human,Post-deployment,Unintentional
MIT,123,True,"7. AI system safety, failures, and limitations",7.3. Lack of capability or robustness,AI,Post-deployment,Unintentional
MIT,124,True,1. Discrimination and Toxicity,1.1. Unfair discrimination and misrepresentation,AI,Post-deployment,Unintentional
MIT,125,True,"7. AI system safety, failures, and limitations",7.3. Lack of capability or robustness,AI,Post-deployment,Unintentional
MIT,126,True,"7. AI system safety, failures, and limitations",7.3. Lack of capability or robustness,AI,Post-deployment,Unintentional
MIT,127,True,1. Discrimination and Toxicity,1.1. Unfair discrimination and misrepresentation,AI,Post-deployment,Unintentional
MIT,128,True,"7. AI system safety, failures, and limitations",7.3. Lack of capability or robustness,AI,Post-deployment,Unintentional
MIT,129,True,"7. AI system safety, failures, and limitations",7.3. Lack of capability or robustness,AI,Post-deployment,Unintentional
MIT,131,True,1. Discrimination and Toxicity,1.3. Unequal performance across groups,AI,Post-deployment,Unintentional
MIT,132,True,1. Discrimination and Toxicity,1.2. Exposure to toxic content,AI,Post-deployment,Unintentional
MIT,133,True,1. Discrimination and Toxicity,1.1. Unfair discrimination and misrepresentation,AI,Post-deployment,Unintentional
MIT,134,True,"7. AI system safety, failures, and limitations",7.3. Lack of capability or robustness,AI,Post-deployment,Unintentional
MIT,135,True,1. Discrimination and Toxicity,1.1. Unfair discrimination and misrepresentation,AI,Post-deployment,Unintentional
MIT,136,True,"7. AI system safety, failures, and limitations",7.3. Lack of capability or robustness,AI,Post-deployment,Unintentional
MIT,137,True,"7. AI system safety, failures, and limitations",7.4. Lack of transparency or interpretability,AI,Post-deployment,Unintentional
MIT,138,True,1. Discrimination and Toxicity,1.3. Unequal performance across groups,AI,Post-deployment,Unintentional
MIT,139,True,3. Misinformation,3.1. False or misleading information,AI,Post-deployment,Unintentional
MIT,140,True,1. Discrimination and Toxicity,1.3. Unequal performance across groups,AI,Post-deployment,Unintentional
MIT,141,True,5. Human-Computer Interaction,5.2. Loss of human agency and autonomy,Human,Post-deployment,Intentional
MIT,142,True,1. Discrimination and Toxicity,1.1. Unfair discrimination and misrepresentation,AI,Post-deployment,Unintentional
MIT,143,True,"7. AI system safety, failures, and limitations",7.3. Lack of capability or robustness,AI,Post-deployment,Unintentional
MIT,144,True,"7. AI system safety, failures, and limitations",7.3. Lack of capability or robustness,AI,Post-deployment,Unintentional
MIT,145,True,"7. AI system safety, failures, and limitations",7.3. Lack of capability or robustness,AI,Post-deployment,Unintentional
MIT,146,True,1. Discrimination and Toxicity,1.2. Exposure to toxic content,AI,Post-deployment,Unintentional
MIT,147,True,4. Malicious Actors & Misuse,"4.3. Fraud, scams, and targeted manipulation",Human,Post-deployment,Intentional
MIT,148,True,4. Malicious Actors & Misuse,"4.3. Fraud, scams, and targeted manipulation",Human,Post-deployment,Intentional
MIT,149,True,"7. AI system safety, failures, and limitations",7.3. Lack of capability or robustness,AI,Post-deployment,Unintentional
MIT,150,True,"7. AI system safety, failures, and limitations",7.3. Lack of capability or robustness,AI,Post-deployment,Unintentional
MIT,151,True,"7. AI system safety, failures, and limitations",7.3. Lack of capability or robustness,AI,Post-deployment,Unintentional
MIT,152,True,"7. AI system safety, failures, and limitations",7.3. Lack of capability or robustness,AI,Post-deployment,Unintentional
MIT,153,True,"7. AI system safety, failures, and limitations",7.3. Lack of capability or robustness,AI,Post-deployment,Unintentional
MIT,154,True,1. Discrimination and Toxicity,1.1. Unfair discrimination and misrepresentation,AI,Post-deployment,Unintentional
MIT,155,True,"7. AI system safety, failures, and limitations",7.3. Lack of capability or robustness,AI,Post-deployment,Unintentional
MIT,156,True,5. Human-Computer Interaction,5.1. Overreliance and unsafe use,AI,Post-deployment,Unintentional
MIT,157,True,5. Human-Computer Interaction,5.1. Overreliance and unsafe use,AI,Post-deployment,Unintentional
MIT,158,True,1. Discrimination and Toxicity,1.3. Unequal performance across groups,AI,Post-deployment,Unintentional
MIT,159,True,"7. AI system safety, failures, and limitations",7.3. Lack of capability or robustness,Other,Other,Other
MIT,160,True,1. Discrimination and Toxicity,1.2. Exposure to toxic content,AI,Post-deployment,Unintentional
MIT,161,True,1. Discrimination and Toxicity,1.1. Unfair discrimination and misrepresentation,AI,Post-deployment,Unintentional
MIT,162,True,"7. AI system safety, failures, and limitations",7.3. Lack of capability or robustness,AI,Post-deployment,Unintentional
MIT,163,True,1. Discrimination and Toxicity,1.3. Unequal performance across groups,AI,Post-deployment,Unintentional
MIT,164,True,1. Discrimination and Toxicity,1.2. Exposure to toxic content,AI,Post-deployment,Unintentional
MIT,165,True,1. Discrimination and Toxicity,1.1. Unfair discrimination and misrepresentation,AI,Post-deployment,Unintentional
MIT,166,True,1. Discrimination and Toxicity,1.1. Unfair discrimination and misrepresentation,AI,Post-deployment,Intentional
MIT,167,True,2. Privacy & Security,"2.1. Compromise of privacy by obtaining, leaking or correctly inferring sensitive information",Human,Post-deployment,Intentional
MIT,168,True,1. Discrimination and Toxicity,1.3. Unequal performance across groups,AI,Post-deployment,Unintentional
MIT,169,True,1. Discrimination and Toxicity,1.2. Exposure to toxic content,AI,Post-deployment,Unintentional
MIT,170,True,2. Privacy & Security,"2.1. Compromise of privacy by obtaining, leaking or correctly inferring sensitive information",AI,Post-deployment,Intentional
MIT,171,True,"7. AI system safety, failures, and limitations",7.3. Lack of capability or robustness,AI,Post-deployment,Unintentional
MIT,172,True,"7. AI system safety, failures, and limitations",7.3. Lack of capability or robustness,AI,Post-deployment,Unintentional
MIT,173,True,"7. AI system safety, failures, and limitations",7.3. Lack of capability or robustness,Human,Post-deployment,Unintentional
MIT,174,True,4. Malicious Actors & Misuse,"4.3. Fraud, scams, and targeted manipulation",Human,Post-deployment,Intentional
MIT,175,True,"7. AI system safety, failures, and limitations",7.3. Lack of capability or robustness,AI,Post-deployment,Unintentional
MIT,176,True,"7. AI system safety, failures, and limitations",7.3. Lack of capability or robustness,AI,Post-deployment,Unintentional
MIT,177,True,"7. AI system safety, failures, and limitations",7.3. Lack of capability or robustness,AI,Post-deployment,Intentional
MIT,178,True,"7. AI system safety, failures, and limitations",7.3. Lack of capability or robustness,AI,Post-deployment,Unintentional
MIT,179,True,1. Discrimination and Toxicity,1.1. Unfair discrimination and misrepresentation,AI,Post-deployment,Unintentional
MIT,180,True,1. Discrimination and Toxicity,1.1. Unfair discrimination and misrepresentation,AI,Post-deployment,Intentional
MIT,181,True,"7. AI system safety, failures, and limitations",7.3. Lack of capability or robustness,Human,Post-deployment,Unintentional
MIT,182,True,"7. AI system safety, failures, and limitations",7.3. Lack of capability or robustness,Human,Post-deployment,Unintentional
MIT,183,True,1. Discrimination and Toxicity,1.1. Unfair discrimination and misrepresentation,AI,Post-deployment,Intentional
MIT,184,True,2. Privacy & Security,"2.1. Compromise of privacy by obtaining, leaking or correctly inferring sensitive information",Human,Post-deployment,Intentional
MIT,185,True,3. Misinformation,3.1. False or misleading information,AI,Post-deployment,Unintentional
MIT,186,True,"7. AI system safety, failures, and limitations",7.3. Lack of capability or robustness,AI,Post-deployment,Unintentional
MIT,187,True,"7. AI system safety, failures, and limitations",7.3. Lack of capability or robustness,Human,Post-deployment,Intentional
MIT,188,True,1. Discrimination and Toxicity,1.1. Unfair discrimination and misrepresentation,AI,Post-deployment,Intentional
MIT,189,True,1. Discrimination and Toxicity,1.3. Unequal performance across groups,AI,Post-deployment,Intentional
MIT,190,True,2. Privacy & Security,"2.1. Compromise of privacy by obtaining, leaking or correctly inferring sensitive information",Human,Post-deployment,Intentional
MIT,191,True,6. Socioeconomic & Environmental Harms,6.4. Competitive dynamics,Human,Post-deployment,Intentional
MIT,192,True,1. Discrimination and Toxicity,1.1. Unfair discrimination and misrepresentation,AI,Post-deployment,Intentional
MIT,193,True,"7. AI system safety, failures, and limitations",7.3. Lack of capability or robustness,AI,Post-deployment,Unintentional
MIT,194,True,"7. AI system safety, failures, and limitations",7.3. Lack of capability or robustness,AI,Post-deployment,Unintentional
MIT,195,True,"7. AI system safety, failures, and limitations",7.1. AI pursuing its own goals in conflict with human goals or values,AI,Post-deployment,Intentional
MIT,196,True,"7. AI system safety, failures, and limitations",7.3. Lack of capability or robustness,AI,Post-deployment,Unintentional
MIT,197,True,3. Misinformation,3.1. False or misleading information,AI,Post-deployment,Unintentional
MIT,198,True,4. Malicious Actors & Misuse,"4.1. Disinformation, surveillance, and influence at scale",AI,Post-deployment,Intentional
MIT,199,True,2. Privacy & Security,"2.1. Compromise of privacy by obtaining, leaking or correctly inferring sensitive information",Human,Post-deployment,Intentional
MIT,200,True,4. Malicious Actors & Misuse,"4.3. Fraud, scams, and targeted manipulation",Human,Post-deployment,Intentional
MIT,201,True,4. Malicious Actors & Misuse,"4.1. Disinformation, surveillance, and influence at scale",Human,Post-deployment,Intentional
MIT,202,True,3. Misinformation,3.2. Pollution of information ecosystem and loss of consensus reality,Human,Post-deployment,Intentional
MIT,203,True,"7. AI system safety, failures, and limitations",7.4. Lack of transparency or interpretability,AI,Post-deployment,Intentional
MIT,204,True,2. Privacy & Security,"2.1. Compromise of privacy by obtaining, leaking or correctly inferring sensitive information",AI,Post-deployment,Intentional
MIT,205,True,4. Malicious Actors & Misuse,"4.1. Disinformation, surveillance, and influence at scale",Human,Post-deployment,Intentional
MIT,206,True,1. Discrimination and Toxicity,1.1. Unfair discrimination and misrepresentation,AI,Post-deployment,Intentional
MIT,207,True,5. Human-Computer Interaction,5.2. Loss of human agency and autonomy,Human,Post-deployment,Intentional
MIT,208,True,"7. AI system safety, failures, and limitations",7.3. Lack of capability or robustness,AI,Post-deployment,Unintentional
MIT,209,True,"7. AI system safety, failures, and limitations",7.3. Lack of capability or robustness,AI,Post-deployment,Intentional
MIT,210,True,4. Malicious Actors & Misuse,"4.1. Disinformation, surveillance, and influence at scale",Human,Post-deployment,Intentional
MIT,211,True,"7. AI system safety, failures, and limitations",7.3. Lack of capability or robustness,AI,Post-deployment,Unintentional
MIT,212,True,2. Privacy & Security,"2.1. Compromise of privacy by obtaining, leaking or correctly inferring sensitive information",AI,Post-deployment,Unintentional
MIT,213,True,"7. AI system safety, failures, and limitations",7.3. Lack of capability or robustness,AI,Post-deployment,Unintentional
MIT,214,True,1. Discrimination and Toxicity,1.3. Unequal performance across groups,AI,Post-deployment,Unintentional
MIT,215,True,"7. AI system safety, failures, and limitations",7.3. Lack of capability or robustness,AI,Post-deployment,Unintentional
MIT,216,True,1. Discrimination and Toxicity,1.2. Exposure to toxic content,AI,Post-deployment,Unintentional
MIT,217,True,"7. AI system safety, failures, and limitations",7.3. Lack of capability or robustness,Human,Post-deployment,Unintentional
MIT,218,True,"7. AI system safety, failures, and limitations",7.3. Lack of capability or robustness,AI,Post-deployment,Unintentional
MIT,219,True,"7. AI system safety, failures, and limitations",7.3. Lack of capability or robustness,AI,Post-deployment,Unintentional
MIT,220,True,"7. AI system safety, failures, and limitations",7.3. Lack of capability or robustness,AI,Post-deployment,Unintentional
MIT,221,True,"7. AI system safety, failures, and limitations",7.3. Lack of capability or robustness,AI,Post-deployment,Unintentional
MIT,222,True,1. Discrimination and Toxicity,1.1. Unfair discrimination and misrepresentation,AI,Post-deployment,Unintentional
MIT,223,True,2. Privacy & Security,2.2. AI system security vulnerabilities and attacks,AI,Post-deployment,Unintentional
MIT,224,True,4. Malicious Actors & Misuse,"4.3. Fraud, scams, and targeted manipulation",Human,Post-deployment,Intentional
MIT,225,True,"7. AI system safety, failures, and limitations",7.3. Lack of capability or robustness,AI,Post-deployment,Unintentional
MIT,226,True,"7. AI system safety, failures, and limitations",7.3. Lack of capability or robustness,AI,Post-deployment,Unintentional
MIT,227,True,"7. AI system safety, failures, and limitations",7.3. Lack of capability or robustness,AI,Post-deployment,Unintentional
MIT,228,True,"7. AI system safety, failures, and limitations",7.3. Lack of capability or robustness,AI,Post-deployment,Unintentional
MIT,229,True,1. Discrimination and Toxicity,1.2. Exposure to toxic content,AI,Post-deployment,Unintentional
MIT,230,True,"7. AI system safety, failures, and limitations",7.3. Lack of capability or robustness,AI,Post-deployment,Unintentional
MIT,231,True,"7. AI system safety, failures, and limitations",7.3. Lack of capability or robustness,AI,Post-deployment,Unintentional
MIT,232,True,"7. AI system safety, failures, and limitations",7.3. Lack of capability or robustness,AI,Post-deployment,Unintentional
MIT,233,True,"7. AI system safety, failures, and limitations",7.3. Lack of capability or robustness,AI,Post-deployment,Unintentional
MIT,234,True,"7. AI system safety, failures, and limitations",7.3. Lack of capability or robustness,AI,Post-deployment,Unintentional
MIT,235,True,1. Discrimination and Toxicity,1.1. Unfair discrimination and misrepresentation,AI,Post-deployment,Intentional
MIT,236,True,4. Malicious Actors & Misuse,"4.3. Fraud, scams, and targeted manipulation",AI,Post-deployment,Intentional
MIT,238,True,1. Discrimination and Toxicity,1.1. Unfair discrimination and misrepresentation,AI,Post-deployment,Unintentional
MIT,239,True,"7. AI system safety, failures, and limitations",7.3. Lack of capability or robustness,AI,Post-deployment,Unintentional
MIT,240,True,2. Privacy & Security,"2.1. Compromise of privacy by obtaining, leaking or correctly inferring sensitive information",AI,Post-deployment,Unintentional
MIT,241,True,"7. AI system safety, failures, and limitations",7.3. Lack of capability or robustness,AI,Post-deployment,Unintentional
MIT,242,True,"7. AI system safety, failures, and limitations",7.3. Lack of capability or robustness,AI,Post-deployment,Unintentional
MIT,243,True,4. Malicious Actors & Misuse,"4.1. Disinformation, surveillance, and influence at scale",AI,Post-deployment,Intentional
MIT,244,True,"7. AI system safety, failures, and limitations",7.3. Lack of capability or robustness,AI,Post-deployment,Unintentional
MIT,245,True,"7. AI system safety, failures, and limitations",7.3. Lack of capability or robustness,AI,Post-deployment,Unintentional
MIT,246,True,"7. AI system safety, failures, and limitations",7.3. Lack of capability or robustness,AI,Post-deployment,Unintentional
MIT,248,True,"7. AI system safety, failures, and limitations",7.3. Lack of capability or robustness,AI,Post-deployment,Unintentional
MIT,249,True,4. Malicious Actors & Misuse,"4.1. Disinformation, surveillance, and influence at scale",AI,Post-deployment,Intentional
MIT,250,True,"7. AI system safety, failures, and limitations",7.4. Lack of transparency or interpretability,Human,Post-deployment,Unintentional
MIT,251,True,6. Socioeconomic & Environmental Harms,6.1. Power centralization and unfair distribution of benefits,AI,Post-deployment,Intentional
MIT,252,True,6. Socioeconomic & Environmental Harms,6.5. Governance failure,Human,Pre-deployment,Intentional
MIT,253,True,"7. AI system safety, failures, and limitations",7.3. Lack of capability or robustness,AI,Post-deployment,Unintentional
MIT,254,True,2. Privacy & Security,"2.1. Compromise of privacy by obtaining, leaking or correctly inferring sensitive information",AI,Post-deployment,Unintentional
MIT,255,True,"7. AI system safety, failures, and limitations",7.3. Lack of capability or robustness,AI,Post-deployment,Unintentional
MIT,256,True,"7. AI system safety, failures, and limitations",7.3. Lack of capability or robustness,AI,Post-deployment,Unintentional
MIT,257,True,1. Discrimination and Toxicity,1.1. Unfair discrimination and misrepresentation,AI,Post-deployment,Unintentional
MIT,258,True,2. Privacy & Security,"2.1. Compromise of privacy by obtaining, leaking or correctly inferring sensitive information",Human,Post-deployment,Intentional
MIT,259,True,1. Discrimination and Toxicity,1.2. Exposure to toxic content,Human,Post-deployment,Intentional
MIT,260,True,1. Discrimination and Toxicity,1.1. Unfair discrimination and misrepresentation,AI,Post-deployment,Intentional
MIT,261,True,1. Discrimination and Toxicity,1.1. Unfair discrimination and misrepresentation,Human,Post-deployment,Unintentional
MIT,262,True,1. Discrimination and Toxicity,1.1. Unfair discrimination and misrepresentation,AI,Post-deployment,Unintentional
MIT,263,True,4. Malicious Actors & Misuse,"4.1. Disinformation, surveillance, and influence at scale",AI,Post-deployment,Unintentional
MIT,264,True,5. Human-Computer Interaction,5.1. Overreliance and unsafe use,Human,Post-deployment,Unintentional
MIT,265,True,1. Discrimination and Toxicity,1.1. Unfair discrimination and misrepresentation,AI,Post-deployment,Unintentional
MIT,266,True,1. Discrimination and Toxicity,1.2. Exposure to toxic content,Human,Post-deployment,Intentional
MIT,267,True,2. Privacy & Security,"2.1. Compromise of privacy by obtaining, leaking or correctly inferring sensitive information",AI,Post-deployment,Intentional
MIT,268,True,"7. AI system safety, failures, and limitations",7.3. Lack of capability or robustness,AI,Post-deployment,Unintentional
MIT,270,True,6. Socioeconomic & Environmental Harms,6.4. Competitive dynamics,AI,Post-deployment,Intentional
MIT,271,True,"7. AI system safety, failures, and limitations",7.3. Lack of capability or robustness,AI,Post-deployment,Unintentional
MIT,272,True,1. Discrimination and Toxicity,1.1. Unfair discrimination and misrepresentation,AI,Post-deployment,Intentional
MIT,273,True,1. Discrimination and Toxicity,1.1. Unfair discrimination and misrepresentation,AI,Post-deployment,Unintentional
MIT,274,True,1. Discrimination and Toxicity,1.1. Unfair discrimination and misrepresentation,AI,Post-deployment,Unintentional
MIT,275,True,1. Discrimination and Toxicity,1.3. Unequal performance across groups,AI,Post-deployment,Unintentional
MIT,276,True,2. Privacy & Security,"2.1. Compromise of privacy by obtaining, leaking or correctly inferring sensitive information",Human,Post-deployment,Intentional
MIT,277,True,4. Malicious Actors & Misuse,"4.3. Fraud, scams, and targeted manipulation",Human,Post-deployment,Intentional
MIT,278,True,1. Discrimination and Toxicity,1.2. Exposure to toxic content,AI,Post-deployment,Unintentional
MIT,279,True,1. Discrimination and Toxicity,1.2. Exposure to toxic content,AI,Post-deployment,Unintentional
MIT,280,True,1. Discrimination and Toxicity,1.1. Unfair discrimination and misrepresentation,AI,Post-deployment,Intentional
MIT,281,True,1. Discrimination and Toxicity,1.2. Exposure to toxic content,AI,Post-deployment,Unintentional
MIT,282,True,"7. AI system safety, failures, and limitations",7.3. Lack of capability or robustness,AI,Post-deployment,Unintentional
MIT,283,True,"7. AI system safety, failures, and limitations",7.3. Lack of capability or robustness,AI,Post-deployment,Unintentional
MIT,284,True,"7. AI system safety, failures, and limitations",7.3. Lack of capability or robustness,AI,Post-deployment,Unintentional
MIT,285,True,1. Discrimination and Toxicity,1.2. Exposure to toxic content,AI,Post-deployment,Unintentional
MIT,286,True,1. Discrimination and Toxicity,1.2. Exposure to toxic content,AI,Post-deployment,Unintentional
MIT,287,True,"7. AI system safety, failures, and limitations",7.3. Lack of capability or robustness,Other,Other,Other
MIT,288,True,1. Discrimination and Toxicity,1.3. Unequal performance across groups,AI,Post-deployment,Unintentional
MIT,289,True,"7. AI system safety, failures, and limitations",7.3. Lack of capability or robustness,AI,Post-deployment,Unintentional
MIT,290,True,"7. AI system safety, failures, and limitations",7.3. Lack of capability or robustness,AI,Post-deployment,Unintentional
MIT,291,True,3. Misinformation,3.1. False or misleading information,Human,Post-deployment,Intentional
MIT,292,True,"7. AI system safety, failures, and limitations",7.3. Lack of capability or robustness,AI,Post-deployment,Unintentional
MIT,293,True,"7. AI system safety, failures, and limitations",7.3. Lack of capability or robustness,AI,Post-deployment,Unintentional
MIT,294,True,"7. AI system safety, failures, and limitations",7.3. Lack of capability or robustness,AI,Post-deployment,Unintentional
MIT,295,True,"7. AI system safety, failures, and limitations",7.3. Lack of capability or robustness,AI,Post-deployment,Unintentional
MIT,296,True,1. Discrimination and Toxicity,1.1. Unfair discrimination and misrepresentation,AI,Post-deployment,Unintentional
MIT,297,True,"7. AI system safety, failures, and limitations",7.3. Lack of capability or robustness,AI,Post-deployment,Unintentional
MIT,298,True,"7. AI system safety, failures, and limitations",7.3. Lack of capability or robustness,Other,Other,Other
MIT,299,True,4. Malicious Actors & Misuse,"4.3. Fraud, scams, and targeted manipulation",Human,Post-deployment,Intentional
MIT,300,True,1. Discrimination and Toxicity,1.2. Exposure to toxic content,AI,Post-deployment,Unintentional
MIT,301,True,1. Discrimination and Toxicity,1.1. Unfair discrimination and misrepresentation,AI,Post-deployment,Unintentional
MIT,302,True,"7. AI system safety, failures, and limitations",7.3. Lack of capability or robustness,AI,Post-deployment,Unintentional
MIT,303,True,"7. AI system safety, failures, and limitations",7.3. Lack of capability or robustness,AI,Post-deployment,Unintentional
MIT,304,True,"7. AI system safety, failures, and limitations",7.3. Lack of capability or robustness,AI,Post-deployment,Unintentional
MIT,305,True,3. Misinformation,3.1. False or misleading information,AI,Post-deployment,Unintentional
MIT,306,True,"7. AI system safety, failures, and limitations",7.3. Lack of capability or robustness,AI,Post-deployment,Unintentional
MIT,307,True,"7. AI system safety, failures, and limitations",7.3. Lack of capability or robustness,AI,Post-deployment,Unintentional
MIT,308,True,"7. AI system safety, failures, and limitations",7.3. Lack of capability or robustness,AI,Post-deployment,Unintentional
MIT,309,True,"7. AI system safety, failures, and limitations",7.3. Lack of capability or robustness,AI,Post-deployment,Unintentional
MIT,310,True,"7. AI system safety, failures, and limitations",7.3. Lack of capability or robustness,AI,Post-deployment,Unintentional
MIT,311,True,"7. AI system safety, failures, and limitations",7.3. Lack of capability or robustness,AI,Post-deployment,Unintentional
MIT,312,True,1. Discrimination and Toxicity,1.1. Unfair discrimination and misrepresentation,AI,Post-deployment,Intentional
MIT,313,True,3. Misinformation,3.1. False or misleading information,AI,Post-deployment,Unintentional
MIT,314,True,4. Malicious Actors & Misuse,"4.3. Fraud, scams, and targeted manipulation",Human,Post-deployment,Intentional
MIT,315,True,4. Malicious Actors & Misuse,"4.3. Fraud, scams, and targeted manipulation",Human,Post-deployment,Intentional
MIT,316,True,4. Malicious Actors & Misuse,"4.3. Fraud, scams, and targeted manipulation",Human,Post-deployment,Intentional
MIT,317,True,"7. AI system safety, failures, and limitations",7.3. Lack of capability or robustness,AI,Post-deployment,Unintentional
MIT,318,True,4. Malicious Actors & Misuse,"4.1. Disinformation, surveillance, and influence at scale",AI,Post-deployment,Unintentional
MIT,319,True,"7. AI system safety, failures, and limitations",7.3. Lack of capability or robustness,AI,Post-deployment,Unintentional
MIT,320,True,"7. AI system safety, failures, and limitations",7.3. Lack of capability or robustness,AI,Post-deployment,Unintentional
MIT,321,True,"7. AI system safety, failures, and limitations",7.3. Lack of capability or robustness,AI,Post-deployment,Unintentional
MIT,322,True,"7. AI system safety, failures, and limitations",7.3. Lack of capability or robustness,AI,Post-deployment,Unintentional
MIT,323,True,"7. AI system safety, failures, and limitations",7.3. Lack of capability or robustness,AI,Post-deployment,Unintentional
MIT,324,True,4. Malicious Actors & Misuse,"4.1. Disinformation, surveillance, and influence at scale",AI,Post-deployment,Intentional
MIT,325,True,1. Discrimination and Toxicity,1.2. Exposure to toxic content,AI,Post-deployment,Unintentional
MIT,326,True,"7. AI system safety, failures, and limitations",7.3. Lack of capability or robustness,AI,Post-deployment,Unintentional
MIT,327,True,"7. AI system safety, failures, and limitations",7.3. Lack of capability or robustness,AI,Post-deployment,Unintentional
MIT,328,True,4. Malicious Actors & Misuse,"4.1. Disinformation, surveillance, and influence at scale",Human,Post-deployment,Intentional
MIT,329,True,4. Malicious Actors & Misuse,"4.2. Cyberattacks, weapon development or use, and mass harm",AI,Post-deployment,Unintentional
MIT,330,True,3. Misinformation,3.1. False or misleading information,AI,Post-deployment,Unintentional
MIT,331,True,1. Discrimination and Toxicity,1.1. Unfair discrimination and misrepresentation,AI,Post-deployment,Unintentional
MIT,332,True,1. Discrimination and Toxicity,1.1. Unfair discrimination and misrepresentation,AI,Post-deployment,Unintentional
MIT,333,True,"7. AI system safety, failures, and limitations",7.3. Lack of capability or robustness,AI,Post-deployment,Unintentional
MIT,334,True,4. Malicious Actors & Misuse,"4.3. Fraud, scams, and targeted manipulation",AI,Post-deployment,Intentional
MIT,335,True,1. Discrimination and Toxicity,1.1. Unfair discrimination and misrepresentation,AI,Post-deployment,Unintentional
MIT,336,True,1. Discrimination and Toxicity,1.1. Unfair discrimination and misrepresentation,AI,Post-deployment,Intentional
MIT,337,True,5. Human-Computer Interaction,5.1. Overreliance and unsafe use,Human,Post-deployment,Unintentional
MIT,339,True,4. Malicious Actors & Misuse,"4.3. Fraud, scams, and targeted manipulation",Human,Post-deployment,Intentional
MIT,340,True,"7. AI system safety, failures, and limitations",7.3. Lack of capability or robustness,AI,Post-deployment,Unintentional
MIT,341,True,"7. AI system safety, failures, and limitations",7.3. Lack of capability or robustness,AI,Post-deployment,Unintentional
MIT,343,True,1. Discrimination and Toxicity,1.2. Exposure to toxic content,AI,Post-deployment,Unintentional
MIT,344,True,"7. AI system safety, failures, and limitations",7.3. Lack of capability or robustness,AI,Post-deployment,Unintentional
MIT,345,True,"7. AI system safety, failures, and limitations",7.3. Lack of capability or robustness,AI,Post-deployment,Unintentional
MIT,346,True,"7. AI system safety, failures, and limitations",7.3. Lack of capability or robustness,AI,Post-deployment,Unintentional
MIT,347,True,"7. AI system safety, failures, and limitations",7.3. Lack of capability or robustness,AI,Post-deployment,Unintentional
MIT,348,True,3. Misinformation,3.1. False or misleading information,AI,Post-deployment,Unintentional
MIT,349,True,"7. AI system safety, failures, and limitations",7.3. Lack of capability or robustness,AI,Post-deployment,Unintentional
MIT,350,True,"7. AI system safety, failures, and limitations",7.3. Lack of capability or robustness,Human,Post-deployment,Unintentional
MIT,351,True,1. Discrimination and Toxicity,1.1. Unfair discrimination and misrepresentation,Human,Post-deployment,Intentional
MIT,352,True,2. Privacy & Security,2.2. AI system security vulnerabilities and attacks,Human,Post-deployment,Intentional
MIT,353,True,"7. AI system safety, failures, and limitations",7.3. Lack of capability or robustness,AI,Post-deployment,Unintentional
MIT,354,True,2. Privacy & Security,"2.1. Compromise of privacy by obtaining, leaking or correctly inferring sensitive information",AI,Post-deployment,Unintentional
MIT,355,True,"7. AI system safety, failures, and limitations",7.4. Lack of transparency or interpretability,AI,Post-deployment,Unintentional
MIT,356,True,1. Discrimination and Toxicity,1.2. Exposure to toxic content,AI,Post-deployment,Unintentional
MIT,357,True,2. Privacy & Security,"2.1. Compromise of privacy by obtaining, leaking or correctly inferring sensitive information",AI,Post-deployment,Unintentional
MIT,358,True,2. Privacy & Security,"2.1. Compromise of privacy by obtaining, leaking or correctly inferring sensitive information",Human,Post-deployment,Intentional
MIT,359,True,1. Discrimination and Toxicity,1.1. Unfair discrimination and misrepresentation,AI,Post-deployment,Unintentional
MIT,360,True,2. Privacy & Security,"2.1. Compromise of privacy by obtaining, leaking or correctly inferring sensitive information",Human,Post-deployment,Intentional
MIT,361,True,2. Privacy & Security,"2.1. Compromise of privacy by obtaining, leaking or correctly inferring sensitive information",AI,Post-deployment,Unintentional
MIT,362,True,"7. AI system safety, failures, and limitations",7.3. Lack of capability or robustness,AI,Post-deployment,Unintentional
MIT,363,True,"7. AI system safety, failures, and limitations",7.3. Lack of capability or robustness,AI,Post-deployment,Unintentional
MIT,364,True,"7. AI system safety, failures, and limitations",7.3. Lack of capability or robustness,AI,Post-deployment,Unintentional
MIT,366,True,1. Discrimination and Toxicity,1.2. Exposure to toxic content,Human,Post-deployment,Intentional
MIT,367,True,1. Discrimination and Toxicity,1.1. Unfair discrimination and misrepresentation,AI,Pre-deployment,Unintentional
MIT,368,True,2. Privacy & Security,"2.1. Compromise of privacy by obtaining, leaking or correctly inferring sensitive information",AI,Post-deployment,Intentional
MIT,369,True,6. Socioeconomic & Environmental Harms,6.3. Economic and cultural devaluation of human effort,Human,Post-deployment,Intentional
MIT,370,True,6. Socioeconomic & Environmental Harms,6.1. Power centralization and unfair distribution of benefits,AI,Post-deployment,Intentional
MIT,371,True,4. Malicious Actors & Misuse,"4.1. Disinformation, surveillance, and influence at scale",AI,Post-deployment,Intentional
MIT,372,True,2. Privacy & Security,2.2. AI system security vulnerabilities and attacks,AI,Post-deployment,Unintentional
MIT,373,True,"7. AI system safety, failures, and limitations",7.3. Lack of capability or robustness,AI,Post-deployment,Unintentional
MIT,374,True,1. Discrimination and Toxicity,1.1. Unfair discrimination and misrepresentation,AI,Post-deployment,Intentional
MIT,375,True,"7. AI system safety, failures, and limitations",7.3. Lack of capability or robustness,AI,Post-deployment,Unintentional
MIT,376,True,6. Socioeconomic & Environmental Harms,6.2. Increased inequality and decline in employment quality,AI,Post-deployment,Intentional
MIT,377,True,4. Malicious Actors & Misuse,"4.1. Disinformation, surveillance, and influence at scale",AI,Post-deployment,Intentional
MIT,378,True,"7. AI system safety, failures, and limitations",7.3. Lack of capability or robustness,AI,Post-deployment,Unintentional
MIT,379,True,"7. AI system safety, failures, and limitations",7.3. Lack of capability or robustness,AI,Post-deployment,Unintentional
MIT,380,True,1. Discrimination and Toxicity,1.2. Exposure to toxic content,AI,Post-deployment,Unintentional
MIT,381,True,"7. AI system safety, failures, and limitations",7.3. Lack of capability or robustness,AI,Post-deployment,Unintentional
MIT,382,True,1. Discrimination and Toxicity,1.2. Exposure to toxic content,AI,Post-deployment,Unintentional
MIT,383,True,1. Discrimination and Toxicity,1.2. Exposure to toxic content,AI,Post-deployment,Unintentional
MIT,384,True,5. Human-Computer Interaction,5.1. Overreliance and unsafe use,AI,Post-deployment,Unintentional
MIT,385,True,1. Discrimination and Toxicity,1.1. Unfair discrimination and misrepresentation,AI,Post-deployment,Intentional
MIT,386,True,1. Discrimination and Toxicity,1.3. Unequal performance across groups,AI,Post-deployment,Unintentional
MIT,387,True,2. Privacy & Security,"2.1. Compromise of privacy by obtaining, leaking or correctly inferring sensitive information",AI,Post-deployment,Intentional
MIT,388,True,1. Discrimination and Toxicity,1.1. Unfair discrimination and misrepresentation,AI,Post-deployment,Unintentional
MIT,389,True,"7. AI system safety, failures, and limitations",7.3. Lack of capability or robustness,AI,Post-deployment,Unintentional
MIT,390,True,4. Malicious Actors & Misuse,"4.3. Fraud, scams, and targeted manipulation",Human,Post-deployment,Intentional
MIT,391,True,2. Privacy & Security,"2.1. Compromise of privacy by obtaining, leaking or correctly inferring sensitive information",Human,Post-deployment,Intentional
MIT,392,True,"7. AI system safety, failures, and limitations",7.3. Lack of capability or robustness,AI,Post-deployment,Unintentional
MIT,393,True,"7. AI system safety, failures, and limitations",7.3. Lack of capability or robustness,AI,Post-deployment,Unintentional
MIT,394,True,1. Discrimination and Toxicity,1.1. Unfair discrimination and misrepresentation,AI,Post-deployment,Unintentional
MIT,395,True,2. Privacy & Security,"2.1. Compromise of privacy by obtaining, leaking or correctly inferring sensitive information",Human,Post-deployment,Intentional
MIT,396,True,1. Discrimination and Toxicity,1.1. Unfair discrimination and misrepresentation,AI,Post-deployment,Unintentional
MIT,397,True,3. Misinformation,3.1. False or misleading information,AI,Post-deployment,Unintentional
MIT,398,True,"7. AI system safety, failures, and limitations",7.3. Lack of capability or robustness,AI,Post-deployment,Unintentional
MIT,399,True,3. Misinformation,3.1. False or misleading information,AI,Post-deployment,Unintentional
MIT,400,True,1. Discrimination and Toxicity,1.3. Unequal performance across groups,AI,Post-deployment,Unintentional
MIT,401,True,1. Discrimination and Toxicity,1.1. Unfair discrimination and misrepresentation,AI,Post-deployment,Unintentional
MIT,402,True,1. Discrimination and Toxicity,1.2. Exposure to toxic content,AI,Post-deployment,Unintentional
MIT,403,True,6. Socioeconomic & Environmental Harms,6.1. Power centralization and unfair distribution of benefits,AI,Post-deployment,Unintentional
MIT,404,True,"7. AI system safety, failures, and limitations",7.3. Lack of capability or robustness,AI,Post-deployment,Unintentional
MIT,405,True,1. Discrimination and Toxicity,1.1. Unfair discrimination and misrepresentation,AI,Post-deployment,Unintentional
MIT,406,True,2. Privacy & Security,"2.1. Compromise of privacy by obtaining, leaking or correctly inferring sensitive information",AI,Post-deployment,Unintentional
MIT,407,True,1. Discrimination and Toxicity,1.1. Unfair discrimination and misrepresentation,AI,Post-deployment,Unintentional
MIT,408,True,2. Privacy & Security,"2.1. Compromise of privacy by obtaining, leaking or correctly inferring sensitive information",AI,Post-deployment,Unintentional
MIT,409,True,2. Privacy & Security,"2.1. Compromise of privacy by obtaining, leaking or correctly inferring sensitive information",Human,Post-deployment,Intentional
MIT,410,True,1. Discrimination and Toxicity,1.2. Exposure to toxic content,AI,Post-deployment,Unintentional
MIT,411,True,4. Malicious Actors & Misuse,"4.1. Disinformation, surveillance, and influence at scale",Human,Post-deployment,Intentional
MIT,412,True,2. Privacy & Security,"2.1. Compromise of privacy by obtaining, leaking or correctly inferring sensitive information",Human,Post-deployment,Unintentional
MIT,413,True,3. Misinformation,3.1. False or misleading information,AI,Post-deployment,Unintentional
MIT,414,True,"7. AI system safety, failures, and limitations",7.3. Lack of capability or robustness,AI,Post-deployment,Unintentional
MIT,415,True,3. Misinformation,3.1. False or misleading information,AI,Post-deployment,Unintentional
MIT,416,True,1. Discrimination and Toxicity,1.1. Unfair discrimination and misrepresentation,AI,Post-deployment,Unintentional
MIT,417,True,1. Discrimination and Toxicity,1.3. Unequal performance across groups,AI,Post-deployment,Unintentional
MIT,418,True,1. Discrimination and Toxicity,1.3. Unequal performance across groups,AI,Post-deployment,Unintentional
MIT,419,True,"7. AI system safety, failures, and limitations",7.3. Lack of capability or robustness,AI,Post-deployment,Unintentional
MIT,420,True,1. Discrimination and Toxicity,1.2. Exposure to toxic content,AI,Post-deployment,Unintentional
MIT,421,True,2. Privacy & Security,"2.1. Compromise of privacy by obtaining, leaking or correctly inferring sensitive information",AI,Post-deployment,Intentional
MIT,422,True,4. Malicious Actors & Misuse,"4.3. Fraud, scams, and targeted manipulation",Human,Post-deployment,Intentional
MIT,423,True,1. Discrimination and Toxicity,1.2. Exposure to toxic content,AI,Post-deployment,Unintentional
MIT,424,True,1. Discrimination and Toxicity,1.1. Unfair discrimination and misrepresentation,AI,Post-deployment,Unintentional
MIT,425,True,1. Discrimination and Toxicity,1.1. Unfair discrimination and misrepresentation,AI,Post-deployment,Unintentional
MIT,426,True,"7. AI system safety, failures, and limitations",7.3. Lack of capability or robustness,AI,Post-deployment,Unintentional
MIT,427,True,"7. AI system safety, failures, and limitations",7.3. Lack of capability or robustness,AI,Post-deployment,Unintentional
MIT,428,True,2. Privacy & Security,2.2. AI system security vulnerabilities and attacks,AI,Post-deployment,Unintentional
MIT,429,True,"7. AI system safety, failures, and limitations",7.3. Lack of capability or robustness,AI,Post-deployment,Unintentional
MIT,430,True,2. Privacy & Security,"2.1. Compromise of privacy by obtaining, leaking or correctly inferring sensitive information",AI,Post-deployment,Intentional
MIT,431,True,4. Malicious Actors & Misuse,"4.3. Fraud, scams, and targeted manipulation",Human,Post-deployment,Intentional
MIT,432,True,"7. AI system safety, failures, and limitations",7.3. Lack of capability or robustness,AI,Post-deployment,Unintentional
MIT,433,True,1. Discrimination and Toxicity,1.1. Unfair discrimination and misrepresentation,AI,Post-deployment,Unintentional
MIT,434,True,"7. AI system safety, failures, and limitations",7.3. Lack of capability or robustness,AI,Post-deployment,Unintentional
MIT,435,True,6. Socioeconomic & Environmental Harms,6.1. Power centralization and unfair distribution of benefits,Human,Post-deployment,Intentional
MIT,436,True,5. Human-Computer Interaction,5.1. Overreliance and unsafe use,Human,Post-deployment,Intentional
MIT,437,True,6. Socioeconomic & Environmental Harms,6.1. Power centralization and unfair distribution of benefits,AI,Post-deployment,Intentional
MIT,438,True,4. Malicious Actors & Misuse,"4.1. Disinformation, surveillance, and influence at scale",Human,Post-deployment,Intentional
MIT,439,True,1. Discrimination and Toxicity,1.1. Unfair discrimination and misrepresentation,AI,Post-deployment,Unintentional
MIT,440,True,1. Discrimination and Toxicity,1.3. Unequal performance across groups,AI,Post-deployment,Unintentional
MIT,441,True,2. Privacy & Security,"2.1. Compromise of privacy by obtaining, leaking or correctly inferring sensitive information",Human,Post-deployment,Intentional
MIT,443,True,4. Malicious Actors & Misuse,"4.2. Cyberattacks, weapon development or use, and mass harm",Human,Post-deployment,Intentional
MIT,444,True,"7. AI system safety, failures, and limitations",7.3. Lack of capability or robustness,AI,Post-deployment,Unintentional
MIT,445,True,"7. AI system safety, failures, and limitations",7.3. Lack of capability or robustness,AI,Post-deployment,Unintentional
MIT,446,True,"7. AI system safety, failures, and limitations",7.3. Lack of capability or robustness,AI,Post-deployment,Unintentional
MIT,447,True,3. Misinformation,3.1. False or misleading information,AI,Post-deployment,Unintentional
MIT,448,True,1. Discrimination and Toxicity,1.2. Exposure to toxic content,AI,Post-deployment,Unintentional
MIT,449,True,5. Human-Computer Interaction,5.1. Overreliance and unsafe use,Human,Post-deployment,Intentional
MIT,450,True,6. Socioeconomic & Environmental Harms,6.2. Increased inequality and decline in employment quality,Human,Pre-deployment,Intentional
MIT,451,True,2. Privacy & Security,"2.1. Compromise of privacy by obtaining, leaking or correctly inferring sensitive information",AI,Post-deployment,Intentional
MIT,452,True,4. Malicious Actors & Misuse,"4.3. Fraud, scams, and targeted manipulation",Human,Post-deployment,Intentional
MIT,453,True,"7. AI system safety, failures, and limitations",7.3. Lack of capability or robustness,AI,Post-deployment,Unintentional
MIT,454,True,1. Discrimination and Toxicity,1.1. Unfair discrimination and misrepresentation,AI,Post-deployment,Unintentional
MIT,455,True,3. Misinformation,3.1. False or misleading information,AI,Post-deployment,Unintentional
MIT,456,True,1. Discrimination and Toxicity,1.2. Exposure to toxic content,AI,Post-deployment,Unintentional
MIT,457,True,3. Misinformation,3.1. False or misleading information,AI,Post-deployment,Unintentional
MIT,458,True,"7. AI system safety, failures, and limitations",7.3. Lack of capability or robustness,Human,Post-deployment,Intentional
MIT,459,True,"7. AI system safety, failures, and limitations",7.3. Lack of capability or robustness,AI,Post-deployment,Unintentional
MIT,460,True,"7. AI system safety, failures, and limitations",7.3. Lack of capability or robustness,AI,Post-deployment,Unintentional
MIT,461,True,1. Discrimination and Toxicity,1.1. Unfair discrimination and misrepresentation,AI,Post-deployment,Unintentional
MIT,462,True,1. Discrimination and Toxicity,1.2. Exposure to toxic content,AI,Post-deployment,Unintentional
MIT,463,True,"7. AI system safety, failures, and limitations",7.3. Lack of capability or robustness,AI,Post-deployment,Unintentional
MIT,464,True,3. Misinformation,3.1. False or misleading information,AI,Post-deployment,Unintentional
MIT,465,True,2. Privacy & Security,"2.1. Compromise of privacy by obtaining, leaking or correctly inferring sensitive information",Human,Post-deployment,Unintentional
MIT,466,True,"7. AI system safety, failures, and limitations",7.3. Lack of capability or robustness,AI,Post-deployment,Unintentional
MIT,467,True,3. Misinformation,3.1. False or misleading information,AI,Pre-deployment,Unintentional
MIT,468,True,3. Misinformation,3.1. False or misleading information,AI,Post-deployment,Unintentional
MIT,469,True,1. Discrimination and Toxicity,1.1. Unfair discrimination and misrepresentation,AI,Post-deployment,Unintentional
MIT,470,True,3. Misinformation,3.1. False or misleading information,AI,Post-deployment,Unintentional
MIT,471,True,1. Discrimination and Toxicity,1.2. Exposure to toxic content,AI,Post-deployment,Unintentional
MIT,472,True,1. Discrimination and Toxicity,1.1. Unfair discrimination and misrepresentation,Human,Post-deployment,Intentional
MIT,473,True,2. Privacy & Security,2.2. AI system security vulnerabilities and attacks,Human,Post-deployment,Intentional
MIT,474,True,5. Human-Computer Interaction,5.1. Overreliance and unsafe use,Human,Post-deployment,Intentional
MIT,475,True,"7. AI system safety, failures, and limitations",7.3. Lack of capability or robustness,AI,Post-deployment,Unintentional
MIT,476,True,4. Malicious Actors & Misuse,"4.1. Disinformation, surveillance, and influence at scale",AI,Post-deployment,Unintentional
MIT,477,True,5. Human-Computer Interaction,5.1. Overreliance and unsafe use,AI,Post-deployment,Unintentional
MIT,478,True,"7. AI system safety, failures, and limitations",7.3. Lack of capability or robustness,AI,Post-deployment,Unintentional
MIT,479,True,4. Malicious Actors & Misuse,"4.1. Disinformation, surveillance, and influence at scale",AI,Post-deployment,Intentional
MIT,480,True,4. Malicious Actors & Misuse,"4.3. Fraud, scams, and targeted manipulation",AI,Post-deployment,Intentional
MIT,481,True,4. Malicious Actors & Misuse,"4.3. Fraud, scams, and targeted manipulation",AI,Post-deployment,Intentional
MIT,482,True,5. Human-Computer Interaction,5.1. Overreliance and unsafe use,Human,Post-deployment,Intentional
MIT,483,True,1. Discrimination and Toxicity,1.1. Unfair discrimination and misrepresentation,AI,Post-deployment,Unintentional
MIT,484,True,1. Discrimination and Toxicity,1.1. Unfair discrimination and misrepresentation,AI,Post-deployment,Unintentional
MIT,485,True,4. Malicious Actors & Misuse,"4.3. Fraud, scams, and targeted manipulation",AI,Post-deployment,Intentional
MIT,486,True,4. Malicious Actors & Misuse,"4.1. Disinformation, surveillance, and influence at scale",Human,Post-deployment,Intentional
MIT,487,True,4. Malicious Actors & Misuse,"4.1. Disinformation, surveillance, and influence at scale",Human,Post-deployment,Intentional
MIT,488,True,4. Malicious Actors & Misuse,"4.3. Fraud, scams, and targeted manipulation",Human,Post-deployment,Intentional
MIT,489,True,1. Discrimination and Toxicity,1.1. Unfair discrimination and misrepresentation,AI,Post-deployment,Unintentional
MIT,490,True,4. Malicious Actors & Misuse,"4.3. Fraud, scams, and targeted manipulation",Human,Post-deployment,Intentional
MIT,491,True,1. Discrimination and Toxicity,1.2. Exposure to toxic content,AI,Post-deployment,Unintentional
MIT,492,True,4. Malicious Actors & Misuse,"4.3. Fraud, scams, and targeted manipulation",Human,Post-deployment,Intentional
MIT,493,True,4. Malicious Actors & Misuse,"4.3. Fraud, scams, and targeted manipulation",Human,Post-deployment,Intentional
MIT,494,True,4. Malicious Actors & Misuse,"4.3. Fraud, scams, and targeted manipulation",AI,Post-deployment,Intentional
MIT,495,True,4. Malicious Actors & Misuse,"4.3. Fraud, scams, and targeted manipulation",Human,Post-deployment,Intentional
MIT,496,True,4. Malicious Actors & Misuse,"4.3. Fraud, scams, and targeted manipulation",Human,Post-deployment,Intentional
MIT,497,True,"7. AI system safety, failures, and limitations",7.3. Lack of capability or robustness,AI,Post-deployment,Unintentional
MIT,498,True,4. Malicious Actors & Misuse,"4.3. Fraud, scams, and targeted manipulation",AI,Pre-deployment,Intentional
MIT,499,True,3. Misinformation,3.1. False or misleading information,AI,Post-deployment,Unintentional
MIT,500,True,4. Malicious Actors & Misuse,"4.3. Fraud, scams, and targeted manipulation",Human,Post-deployment,Intentional
MIT,501,True,"7. AI system safety, failures, and limitations",7.3. Lack of capability or robustness,AI,Post-deployment,Intentional
MIT,502,True,1. Discrimination and Toxicity,1.1. Unfair discrimination and misrepresentation,AI,Post-deployment,Unintentional
MIT,503,True,1. Discrimination and Toxicity,1.2. Exposure to toxic content,AI,Post-deployment,Unintentional
MIT,504,True,3. Misinformation,3.1. False or misleading information,AI,Post-deployment,Unintentional
MIT,505,True,5. Human-Computer Interaction,5.1. Overreliance and unsafe use,AI,Post-deployment,Unintentional
MIT,506,True,3. Misinformation,3.1. False or misleading information,AI,Post-deployment,Unintentional
MIT,507,True,3. Misinformation,3.1. False or misleading information,AI,Post-deployment,Unintentional
MIT,508,True,1. Discrimination and Toxicity,1.2. Exposure to toxic content,Human,Post-deployment,Intentional
MIT,509,True,4. Malicious Actors & Misuse,"4.3. Fraud, scams, and targeted manipulation",Human,Post-deployment,Intentional
MIT,510,True,3. Misinformation,3.1. False or misleading information,AI,Post-deployment,Intentional
MIT,511,True,"7. AI system safety, failures, and limitations",7.3. Lack of capability or robustness,AI,Post-deployment,Unintentional
MIT,513,True,2. Privacy & Security,"2.1. Compromise of privacy by obtaining, leaking or correctly inferring sensitive information",AI,Post-deployment,Unintentional
MIT,514,True,"7. AI system safety, failures, and limitations",7.3. Lack of capability or robustness,AI,Post-deployment,Unintentional
MIT,515,True,1. Discrimination and Toxicity,1.3. Unequal performance across groups,AI,Post-deployment,Unintentional
MIT,516,True,2. Privacy & Security,"2.1. Compromise of privacy by obtaining, leaking or correctly inferring sensitive information",AI,Post-deployment,Unintentional
MIT,517,True,1. Discrimination and Toxicity,1.3. Unequal performance across groups,AI,Post-deployment,Intentional
MIT,518,True,"7. AI system safety, failures, and limitations",7.3. Lack of capability or robustness,Human,Post-deployment,Intentional
MIT,519,True,"7. AI system safety, failures, and limitations",7.3. Lack of capability or robustness,AI,Post-deployment,Unintentional
MIT,520,True,"7. AI system safety, failures, and limitations",7.3. Lack of capability or robustness,AI,Post-deployment,Unintentional
MIT,521,True,2. Privacy & Security,"2.1. Compromise of privacy by obtaining, leaking or correctly inferring sensitive information",Human,Post-deployment,Unintentional
MIT,522,True,3. Misinformation,3.2. Pollution of information ecosystem and loss of consensus reality,AI,Post-deployment,Unintentional
MIT,523,True,2. Privacy & Security,2.2. AI system security vulnerabilities and attacks,AI,Post-deployment,Unintentional
MIT,524,True,4. Malicious Actors & Misuse,"4.3. Fraud, scams, and targeted manipulation",Human,Post-deployment,Intentional
MIT,525,True,5. Human-Computer Interaction,5.1. Overreliance and unsafe use,Human,Post-deployment,Unintentional
MIT,526,True,4. Malicious Actors & Misuse,"4.3. Fraud, scams, and targeted manipulation",AI,Post-deployment,Intentional
MIT,527,True,1. Discrimination and Toxicity,1.1. Unfair discrimination and misrepresentation,AI,Post-deployment,Intentional
MIT,528,True,"7. AI system safety, failures, and limitations",7.3. Lack of capability or robustness,AI,Post-deployment,Unintentional
MIT,529,True,1. Discrimination and Toxicity,1.1. Unfair discrimination and misrepresentation,AI,Post-deployment,Unintentional
MIT,530,True,4. Malicious Actors & Misuse,"4.3. Fraud, scams, and targeted manipulation",AI,Post-deployment,Intentional
MIT,531,True,1. Discrimination and Toxicity,1.1. Unfair discrimination and misrepresentation,AI,Post-deployment,Unintentional
MIT,532,True,"7. AI system safety, failures, and limitations",7.3. Lack of capability or robustness,AI,Post-deployment,Unintentional
MIT,533,True,"7. AI system safety, failures, and limitations",7.3. Lack of capability or robustness,AI,Post-deployment,Unintentional
MIT,534,True,1. Discrimination and Toxicity,1.2. Exposure to toxic content,AI,Post-deployment,Unintentional
MIT,535,True,"7. AI system safety, failures, and limitations",7.3. Lack of capability or robustness,Human,Post-deployment,Unintentional
MIT,536,True,"7. AI system safety, failures, and limitations",7.3. Lack of capability or robustness,Human,Pre-deployment,Unintentional
MIT,537,True,4. Malicious Actors & Misuse,"4.3. Fraud, scams, and targeted manipulation",AI,Post-deployment,Intentional
MIT,538,True,"7. AI system safety, failures, and limitations",7.3. Lack of capability or robustness,Human,Post-deployment,Unintentional
MIT,539,True,1. Discrimination and Toxicity,1.2. Exposure to toxic content,AI,Post-deployment,Unintentional
MIT,540,True,"7. AI system safety, failures, and limitations",7.3. Lack of capability or robustness,AI,Post-deployment,Unintentional
MIT,541,True,3. Misinformation,3.1. False or misleading information,AI,Post-deployment,Unintentional
MIT,543,True,3. Misinformation,3.1. False or misleading information,AI,Post-deployment,Intentional
MIT,544,True,4. Malicious Actors & Misuse,"4.1. Disinformation, surveillance, and influence at scale",AI,Post-deployment,Intentional
MIT,545,True,"7. AI system safety, failures, and limitations",7.3. Lack of capability or robustness,AI,Post-deployment,Unintentional
MIT,546,True,1. Discrimination and Toxicity,1.1. Unfair discrimination and misrepresentation,AI,Post-deployment,Unintentional
MIT,547,True,4. Malicious Actors & Misuse,"4.1. Disinformation, surveillance, and influence at scale",Human,Post-deployment,Intentional
MIT,548,True,3. Misinformation,3.1. False or misleading information,AI,Post-deployment,Unintentional
MIT,549,True,6. Socioeconomic & Environmental Harms,6.2. Increased inequality and decline in employment quality,AI,Post-deployment,Unintentional
MIT,550,True,"7. AI system safety, failures, and limitations",7.3. Lack of capability or robustness,AI,Post-deployment,Unintentional
MIT,551,True,4. Malicious Actors & Misuse,"4.3. Fraud, scams, and targeted manipulation",Human,Post-deployment,Intentional
MIT,552,True,2. Privacy & Security,2.2. AI system security vulnerabilities and attacks,AI,Post-deployment,Unintentional
MIT,553,True,3. Misinformation,3.1. False or misleading information,AI,Post-deployment,Unintentional
MIT,554,True,3. Misinformation,3.1. False or misleading information,AI,Post-deployment,Unintentional
MIT,555,True,2. Privacy & Security,"2.1. Compromise of privacy by obtaining, leaking or correctly inferring sensitive information",Human,Pre-deployment,Intentional
MIT,556,True,2. Privacy & Security,"2.1. Compromise of privacy by obtaining, leaking or correctly inferring sensitive information",Human,Post-deployment,Intentional
MIT,557,True,2. Privacy & Security,"2.1. Compromise of privacy by obtaining, leaking or correctly inferring sensitive information",AI,Post-deployment,Intentional
MIT,558,True,1. Discrimination and Toxicity,1.1. Unfair discrimination and misrepresentation,Human,Post-deployment,Intentional
MIT,559,True,4. Malicious Actors & Misuse,"4.3. Fraud, scams, and targeted manipulation",Human,Post-deployment,Intentional
MIT,560,True,"7. AI system safety, failures, and limitations",7.3. Lack of capability or robustness,AI,Post-deployment,Unintentional
MIT,561,True,2. Privacy & Security,"2.1. Compromise of privacy by obtaining, leaking or correctly inferring sensitive information",Human,Pre-deployment,Intentional
MIT,562,True,3. Misinformation,3.2. Pollution of information ecosystem and loss of consensus reality,Human,Post-deployment,Intentional
MIT,563,True,"7. AI system safety, failures, and limitations",7.3. Lack of capability or robustness,AI,Post-deployment,Unintentional
MIT,564,True,4. Malicious Actors & Misuse,"4.3. Fraud, scams, and targeted manipulation",AI,Post-deployment,Intentional
MIT,565,True,4. Malicious Actors & Misuse,"4.1. Disinformation, surveillance, and influence at scale",Human,Post-deployment,Intentional
MIT,566,True,"7. AI system safety, failures, and limitations",7.3. Lack of capability or robustness,AI,Post-deployment,Unintentional
MIT,567,True,4. Malicious Actors & Misuse,"4.3. Fraud, scams, and targeted manipulation",Human,Post-deployment,Intentional
MIT,568,True,4. Malicious Actors & Misuse,"4.1. Disinformation, surveillance, and influence at scale",Human,Post-deployment,Intentional
MIT,569,True,5. Human-Computer Interaction,5.1. Overreliance and unsafe use,AI,Post-deployment,Unintentional
MIT,570,True,1. Discrimination and Toxicity,1.2. Exposure to toxic content,AI,Post-deployment,Unintentional
MIT,571,True,2. Privacy & Security,"2.1. Compromise of privacy by obtaining, leaking or correctly inferring sensitive information",Human,Post-deployment,Unintentional
MIT,572,True,"7. AI system safety, failures, and limitations",7.3. Lack of capability or robustness,AI,Post-deployment,Unintentional
MIT,573,True,4. Malicious Actors & Misuse,"4.1. Disinformation, surveillance, and influence at scale",AI,Post-deployment,Intentional
MIT,574,True,3. Misinformation,3.1. False or misleading information,Human,Post-deployment,Intentional
MIT,575,True,4. Malicious Actors & Misuse,"4.3. Fraud, scams, and targeted manipulation",Human,Post-deployment,Intentional
MIT,576,True,1. Discrimination and Toxicity,1.2. Exposure to toxic content,AI,Post-deployment,Intentional
MIT,577,True,3. Misinformation,3.1. False or misleading information,AI,Post-deployment,Unintentional
MIT,578,True,1. Discrimination and Toxicity,1.2. Exposure to toxic content,Human,Post-deployment,Intentional
MIT,579,True,1. Discrimination and Toxicity,1.1. Unfair discrimination and misrepresentation,AI,Post-deployment,Unintentional
MIT,580,True,1. Discrimination and Toxicity,1.1. Unfair discrimination and misrepresentation,AI,Post-deployment,Unintentional
MIT,581,True,3. Misinformation,3.1. False or misleading information,AI,Post-deployment,Unintentional
MIT,582,True,1. Discrimination and Toxicity,1.1. Unfair discrimination and misrepresentation,AI,Post-deployment,Unintentional
MIT,583,True,1. Discrimination and Toxicity,1.2. Exposure to toxic content,AI,Post-deployment,Unintentional
MIT,584,True,2. Privacy & Security,"2.1. Compromise of privacy by obtaining, leaking or correctly inferring sensitive information",AI,Post-deployment,Intentional
MIT,585,True,4. Malicious Actors & Misuse,"4.1. Disinformation, surveillance, and influence at scale",AI,Post-deployment,Intentional
MIT,586,True,2. Privacy & Security,"2.1. Compromise of privacy by obtaining, leaking or correctly inferring sensitive information",Human,Post-deployment,Intentional
MIT,587,True,1. Discrimination and Toxicity,1.1. Unfair discrimination and misrepresentation,AI,Post-deployment,Unintentional
MIT,588,True,1. Discrimination and Toxicity,1.1. Unfair discrimination and misrepresentation,AI,Post-deployment,Unintentional
MIT,589,True,3. Misinformation,3.1. False or misleading information,Human,Post-deployment,Intentional
MIT,590,True,4. Malicious Actors & Misuse,"4.3. Fraud, scams, and targeted manipulation",AI,Post-deployment,Intentional
MIT,591,True,"7. AI system safety, failures, and limitations",7.3. Lack of capability or robustness,AI,Post-deployment,Intentional
MIT,592,True,1. Discrimination and Toxicity,1.3. Unequal performance across groups,AI,Post-deployment,Unintentional
MIT,593,True,1. Discrimination and Toxicity,1.1. Unfair discrimination and misrepresentation,AI,Post-deployment,Unintentional
MIT,594,True,3. Misinformation,3.1. False or misleading information,AI,Post-deployment,Unintentional
MIT,595,True,"7. AI system safety, failures, and limitations",7.3. Lack of capability or robustness,AI,Post-deployment,Unintentional
MIT,596,True,"7. AI system safety, failures, and limitations",7.3. Lack of capability or robustness,AI,Post-deployment,Unintentional
MIT,597,True,4. Malicious Actors & Misuse,"4.3. Fraud, scams, and targeted manipulation",Human,Post-deployment,Intentional
MIT,598,True,1. Discrimination and Toxicity,1.3. Unequal performance across groups,AI,Post-deployment,Unintentional
MIT,599,True,"7. AI system safety, failures, and limitations",7.3. Lack of capability or robustness,AI,Post-deployment,Unintentional
MIT,600,True,4. Malicious Actors & Misuse,"4.3. Fraud, scams, and targeted manipulation",Human,Post-deployment,Intentional
MIT,601,True,3. Misinformation,3.1. False or misleading information,AI,Post-deployment,Intentional
MIT,602,True,4. Malicious Actors & Misuse,"4.1. Disinformation, surveillance, and influence at scale",AI,Post-deployment,Intentional
MIT,603,True,"7. AI system safety, failures, and limitations",7.3. Lack of capability or robustness,AI,Post-deployment,Intentional
MIT,604,True,4. Malicious Actors & Misuse,"4.3. Fraud, scams, and targeted manipulation",Human,Post-deployment,Intentional
MIT,605,True,4. Malicious Actors & Misuse,"4.3. Fraud, scams, and targeted manipulation",Human,Post-deployment,Intentional
MIT,606,True,4. Malicious Actors & Misuse,"4.3. Fraud, scams, and targeted manipulation",Human,Post-deployment,Intentional
MIT,607,True,4. Malicious Actors & Misuse,"4.3. Fraud, scams, and targeted manipulation",AI,Post-deployment,Intentional
MIT,608,True,"7. AI system safety, failures, and limitations",7.3. Lack of capability or robustness,AI,Post-deployment,Intentional
MIT,609,True,3. Misinformation,3.1. False or misleading information,AI,Post-deployment,Unintentional
MIT,610,True,4. Malicious Actors & Misuse,"4.3. Fraud, scams, and targeted manipulation",Human,Post-deployment,Intentional
MIT,611,True,1. Discrimination and Toxicity,1.1. Unfair discrimination and misrepresentation,AI,Post-deployment,Unintentional
MIT,612,True,3. Misinformation,3.1. False or misleading information,AI,Post-deployment,Unintentional
MIT,613,True,3. Misinformation,3.1. False or misleading information,AI,Post-deployment,Unintentional
MIT,614,True,3. Misinformation,3.1. False or misleading information,AI,Post-deployment,Unintentional
MIT,615,True,3. Misinformation,3.1. False or misleading information,AI,Post-deployment,Unintentional
MIT,616,True,3. Misinformation,3.1. False or misleading information,Human,Post-deployment,Intentional
MIT,617,True,4. Malicious Actors & Misuse,"4.3. Fraud, scams, and targeted manipulation",Human,Post-deployment,Intentional
MIT,618,True,1. Discrimination and Toxicity,1.1. Unfair discrimination and misrepresentation,AI,Post-deployment,Unintentional
MIT,619,True,1. Discrimination and Toxicity,1.1. Unfair discrimination and misrepresentation,AI,Post-deployment,Unintentional
MIT,620,True,"7. AI system safety, failures, and limitations",7.3. Lack of capability or robustness,AI,Post-deployment,Unintentional
MIT,621,True,1. Discrimination and Toxicity,1.2. Exposure to toxic content,AI,Post-deployment,Unintentional
MIT,622,True,"7. AI system safety, failures, and limitations",7.3. Lack of capability or robustness,AI,Post-deployment,Unintentional
MIT,623,True,3. Misinformation,3.1. False or misleading information,AI,Post-deployment,Unintentional
MIT,624,True,1. Discrimination and Toxicity,1.2. Exposure to toxic content,Human,Pre-deployment,Unintentional
MIT,625,True,3. Misinformation,3.1. False or misleading information,Human,Post-deployment,Unintentional
MIT,626,True,4. Malicious Actors & Misuse,"4.3. Fraud, scams, and targeted manipulation",Human,Post-deployment,Intentional
MIT,627,True,6. Socioeconomic & Environmental Harms,6.3. Economic and cultural devaluation of human effort,Human,Post-deployment,Intentional
MIT,628,True,4. Malicious Actors & Misuse,"4.1. Disinformation, surveillance, and influence at scale",Human,Post-deployment,Intentional
MIT,629,True,4. Malicious Actors & Misuse,"4.3. Fraud, scams, and targeted manipulation",AI,Post-deployment,Intentional
MIT,630,True,"7. AI system safety, failures, and limitations",7.3. Lack of capability or robustness,AI,Post-deployment,Unintentional
MIT,631,True,1. Discrimination and Toxicity,1.2. Exposure to toxic content,AI,Post-deployment,Unintentional
MIT,632,True,4. Malicious Actors & Misuse,"4.3. Fraud, scams, and targeted manipulation",AI,Post-deployment,Intentional
MIT,633,True,1. Discrimination and Toxicity,1.1. Unfair discrimination and misrepresentation,AI,Post-deployment,Unintentional
MIT,634,True,4. Malicious Actors & Misuse,"4.3. Fraud, scams, and targeted manipulation",AI,Post-deployment,Intentional
MIT,635,True,3. Misinformation,3.1. False or misleading information,AI,Post-deployment,Intentional
MIT,636,True,2. Privacy & Security,"2.1. Compromise of privacy by obtaining, leaking or correctly inferring sensitive information",AI,Post-deployment,Intentional
MIT,637,True,"7. AI system safety, failures, and limitations",7.3. Lack of capability or robustness,AI,Post-deployment,Unintentional
MIT,638,True,"7. AI system safety, failures, and limitations",7.3. Lack of capability or robustness,AI,Post-deployment,Unintentional
MIT,639,True,3. Misinformation,3.1. False or misleading information,AI,Post-deployment,Unintentional
MIT,640,True,"7. AI system safety, failures, and limitations",7.3. Lack of capability or robustness,AI,Post-deployment,Unintentional
MIT,641,True,4. Malicious Actors & Misuse,"4.3. Fraud, scams, and targeted manipulation",AI,Post-deployment,Intentional
MIT,642,True,"7. AI system safety, failures, and limitations",7.3. Lack of capability or robustness,AI,Post-deployment,Unintentional
MIT,643,True,4. Malicious Actors & Misuse,"4.1. Disinformation, surveillance, and influence at scale",AI,Post-deployment,Intentional
MIT,644,True,4. Malicious Actors & Misuse,"4.3. Fraud, scams, and targeted manipulation",Human,Post-deployment,Intentional
MIT,645,True,3. Misinformation,3.1. False or misleading information,AI,Post-deployment,Unintentional
MIT,646,True,5. Human-Computer Interaction,5.1. Overreliance and unsafe use,AI,Post-deployment,Unintentional
MIT,647,True,"7. AI system safety, failures, and limitations",7.3. Lack of capability or robustness,AI,Post-deployment,Unintentional
MIT,648,True,4. Malicious Actors & Misuse,"4.1. Disinformation, surveillance, and influence at scale",AI,Post-deployment,Intentional
MIT,649,True,4. Malicious Actors & Misuse,"4.3. Fraud, scams, and targeted manipulation",AI,Post-deployment,Intentional
MIT,650,True,4. Malicious Actors & Misuse,"4.1. Disinformation, surveillance, and influence at scale",Human,Post-deployment,Intentional
MIT,651,True,4. Malicious Actors & Misuse,"4.3. Fraud, scams, and targeted manipulation",Human,Post-deployment,Intentional
MIT,652,True,4. Malicious Actors & Misuse,"4.3. Fraud, scams, and targeted manipulation",Human,Post-deployment,Intentional
MIT,653,True,4. Malicious Actors & Misuse,"4.3. Fraud, scams, and targeted manipulation",Human,Other,Intentional
MIT,654,True,1. Discrimination and Toxicity,1.2. Exposure to toxic content,AI,Post-deployment,Unintentional
MIT,655,True,4. Malicious Actors & Misuse,"4.3. Fraud, scams, and targeted manipulation",AI,Post-deployment,Unintentional
MIT,656,True,4. Malicious Actors & Misuse,"4.1. Disinformation, surveillance, and influence at scale",Human,Post-deployment,Intentional
MIT,657,True,2. Privacy & Security,"2.1. Compromise of privacy by obtaining, leaking or correctly inferring sensitive information",Other,Post-deployment,Other
MIT,658,True,3. Misinformation,3.1. False or misleading information,Human,Post-deployment,Intentional
MIT,659,True,2. Privacy & Security,"2.1. Compromise of privacy by obtaining, leaking or correctly inferring sensitive information",AI,Post-deployment,Intentional
MIT,660,True,4. Malicious Actors & Misuse,"4.3. Fraud, scams, and targeted manipulation",AI,Post-deployment,Intentional
MIT,661,True,4. Malicious Actors & Misuse,"4.3. Fraud, scams, and targeted manipulation",Human,Post-deployment,Intentional
MIT,662,True,1. Discrimination and Toxicity,1.2. Exposure to toxic content,AI,Post-deployment,Unintentional
MIT,663,True,4. Malicious Actors & Misuse,"4.1. Disinformation, surveillance, and influence at scale",AI,Post-deployment,Intentional
MIT,664,True,4. Malicious Actors & Misuse,"4.1. Disinformation, surveillance, and influence at scale",Human,Post-deployment,Intentional
MIT,665,True,1. Discrimination and Toxicity,1.1. Unfair discrimination and misrepresentation,AI,Post-deployment,Unintentional
MIT,666,True,4. Malicious Actors & Misuse,"4.1. Disinformation, surveillance, and influence at scale",Human,Post-deployment,Intentional
MIT,667,True,4. Malicious Actors & Misuse,"4.1. Disinformation, surveillance, and influence at scale",AI,Post-deployment,Intentional
MIT,668,True,4. Malicious Actors & Misuse,"4.1. Disinformation, surveillance, and influence at scale",Human,Post-deployment,Intentional
MIT,669,True,4. Malicious Actors & Misuse,"4.1. Disinformation, surveillance, and influence at scale",Human,Post-deployment,Intentional
MIT,670,True,3. Misinformation,3.1. False or misleading information,Human,Post-deployment,Intentional
MIT,671,True,4. Malicious Actors & Misuse,"4.1. Disinformation, surveillance, and influence at scale",Human,Post-deployment,Intentional
MIT,672,True,4. Malicious Actors & Misuse,"4.2. Cyberattacks, weapon development or use, and mass harm",AI,Post-deployment,Intentional
MIT,673,True,4. Malicious Actors & Misuse,"4.1. Disinformation, surveillance, and influence at scale",AI,Post-deployment,Intentional
MIT,674,True,4. Malicious Actors & Misuse,"4.1. Disinformation, surveillance, and influence at scale",AI,Post-deployment,Intentional
MIT,675,True,4. Malicious Actors & Misuse,"4.3. Fraud, scams, and targeted manipulation",Human,Post-deployment,Intentional
MIT,676,True,4. Malicious Actors & Misuse,"4.1. Disinformation, surveillance, and influence at scale",AI,Post-deployment,Intentional
MIT,677,True,1. Discrimination and Toxicity,1.2. Exposure to toxic content,Human,Post-deployment,Intentional
MIT,678,True,3. Misinformation,3.1. False or misleading information,AI,Post-deployment,Unintentional
MIT,679,True,4. Malicious Actors & Misuse,"4.1. Disinformation, surveillance, and influence at scale",Human,Post-deployment,Intentional
MIT,680,True,4. Malicious Actors & Misuse,"4.1. Disinformation, surveillance, and influence at scale",Human,Post-deployment,Intentional
MIT,681,True,3. Misinformation,3.1. False or misleading information,Human,Post-deployment,Intentional
MIT,682,True,4. Malicious Actors & Misuse,"4.1. Disinformation, surveillance, and influence at scale",Human,Post-deployment,Intentional
MIT,683,True,4. Malicious Actors & Misuse,"4.3. Fraud, scams, and targeted manipulation",Human,Post-deployment,Intentional
MIT,684,True,3. Misinformation,3.2. Pollution of information ecosystem and loss of consensus reality,AI,Post-deployment,Unintentional
MIT,685,True,"7. AI system safety, failures, and limitations",7.3. Lack of capability or robustness,AI,Post-deployment,Unintentional
MIT,686,True,1. Discrimination and Toxicity,1.1. Unfair discrimination and misrepresentation,AI,Post-deployment,Unintentional
MIT,687,True,4. Malicious Actors & Misuse,"4.3. Fraud, scams, and targeted manipulation",AI,Post-deployment,Intentional
MIT,688,True,2. Privacy & Security,"2.1. Compromise of privacy by obtaining, leaking or correctly inferring sensitive information",Human,Post-deployment,Intentional
MIT,689,True,4. Malicious Actors & Misuse,"4.3. Fraud, scams, and targeted manipulation",Human,Post-deployment,Intentional
MIT,690,True,4. Malicious Actors & Misuse,"4.1. Disinformation, surveillance, and influence at scale",Human,Post-deployment,Intentional
MIT,691,True,1. Discrimination and Toxicity,1.3. Unequal performance across groups,AI,Post-deployment,Unintentional
MIT,692,True,1. Discrimination and Toxicity,1.3. Unequal performance across groups,AI,Post-deployment,Unintentional
MIT,693,True,3. Misinformation,3.1. False or misleading information,AI,Post-deployment,Unintentional
MIT,694,True,3. Misinformation,3.1. False or misleading information,Human,Post-deployment,Intentional
MIT,695,True,4. Malicious Actors & Misuse,"4.1. Disinformation, surveillance, and influence at scale",Human,Post-deployment,Intentional
MIT,696,True,"7. AI system safety, failures, and limitations",7.3. Lack of capability or robustness,AI,Post-deployment,Unintentional
MIT,697,True,4. Malicious Actors & Misuse,"4.3. Fraud, scams, and targeted manipulation",AI,Post-deployment,Other
MIT,698,True,3. Misinformation,3.1. False or misleading information,Human,Post-deployment,Intentional
MIT,699,True,1. Discrimination and Toxicity,1.1. Unfair discrimination and misrepresentation,Human,Post-deployment,Unintentional
MIT,700,True,3. Misinformation,3.1. False or misleading information,AI,Post-deployment,Unintentional
MIT,701,True,4. Malicious Actors & Misuse,"4.1. Disinformation, surveillance, and influence at scale",Human,Post-deployment,Intentional
MIT,702,True,4. Malicious Actors & Misuse,"4.1. Disinformation, surveillance, and influence at scale",AI,Post-deployment,Intentional
MIT,703,True,3. Misinformation,3.1. False or misleading information,AI,Post-deployment,Intentional
MIT,704,True,3. Misinformation,3.1. False or misleading information,AI,Post-deployment,Unintentional
MIT,705,True,4. Malicious Actors & Misuse,"4.3. Fraud, scams, and targeted manipulation",Human,Post-deployment,Intentional
MIT,706,True,4. Malicious Actors & Misuse,"4.3. Fraud, scams, and targeted manipulation",Human,Post-deployment,Intentional
MIT,707,True,"7. AI system safety, failures, and limitations",7.3. Lack of capability or robustness,AI,Post-deployment,Unintentional
MIT,708,True,3. Misinformation,3.1. False or misleading information,AI,Post-deployment,Unintentional
MIT,709,True,3. Misinformation,3.1. False or misleading information,AI,Post-deployment,Unintentional
MIT,710,True,"7. AI system safety, failures, and limitations",7.3. Lack of capability or robustness,AI,Post-deployment,Unintentional
MIT,711,True,"7. AI system safety, failures, and limitations",7.3. Lack of capability or robustness,AI,Post-deployment,Unintentional
MIT,712,True,3. Misinformation,3.1. False or misleading information,AI,Post-deployment,Unintentional
MIT,713,True,3. Misinformation,3.1. False or misleading information,AI,Post-deployment,Intentional
MIT,714,True,3. Misinformation,3.1. False or misleading information,AI,Post-deployment,Unintentional
MIT,715,True,4. Malicious Actors & Misuse,"4.3. Fraud, scams, and targeted manipulation",Human,Post-deployment,Intentional
MIT,716,True,"7. AI system safety, failures, and limitations",7.3. Lack of capability or robustness,AI,Post-deployment,Intentional
MIT,717,True,4. Malicious Actors & Misuse,"4.3. Fraud, scams, and targeted manipulation",AI,Post-deployment,Intentional
MIT,718,True,2. Privacy & Security,"2.1. Compromise of privacy by obtaining, leaking or correctly inferring sensitive information",Human,Pre-deployment,Intentional
MIT,719,True,3. Misinformation,3.1. False or misleading information,AI,Post-deployment,Unintentional
MIT,720,True,4. Malicious Actors & Misuse,"4.1. Disinformation, surveillance, and influence at scale",AI,Post-deployment,Intentional
MIT,721,True,4. Malicious Actors & Misuse,"4.3. Fraud, scams, and targeted manipulation",AI,Post-deployment,Intentional
MIT,722,True,3. Misinformation,3.1. False or misleading information,AI,Post-deployment,Unintentional
MIT,723,True,5. Human-Computer Interaction,5.1. Overreliance and unsafe use,AI,Post-deployment,Unintentional
MIT,724,True,4. Malicious Actors & Misuse,"4.3. Fraud, scams, and targeted manipulation",AI,Post-deployment,Intentional
MIT,725,True,4. Malicious Actors & Misuse,"4.3. Fraud, scams, and targeted manipulation",Human,Post-deployment,Intentional
MIT,726,True,"7. AI system safety, failures, and limitations",7.3. Lack of capability or robustness,AI,Post-deployment,Unintentional
MIT,727,True,4. Malicious Actors & Misuse,"4.1. Disinformation, surveillance, and influence at scale",Human,Post-deployment,Intentional
MIT,728,True,2. Privacy & Security,"2.1. Compromise of privacy by obtaining, leaking or correctly inferring sensitive information",Human,Post-deployment,Intentional
MIT,729,True,"7. AI system safety, failures, and limitations",7.3. Lack of capability or robustness,Human,Pre-deployment,Unintentional
MIT,730,True,3. Misinformation,3.1. False or misleading information,AI,Post-deployment,Intentional
MIT,731,True,3. Misinformation,3.1. False or misleading information,AI,Post-deployment,Unintentional
MIT,732,True,1. Discrimination and Toxicity,1.3. Unequal performance across groups,AI,Post-deployment,Unintentional
MIT,733,True,2. Privacy & Security,"2.1. Compromise of privacy by obtaining, leaking or correctly inferring sensitive information",AI,Post-deployment,Intentional
MIT,734,True,3. Misinformation,3.1. False or misleading information,AI,Post-deployment,Unintentional
MIT,735,True,4. Malicious Actors & Misuse,"4.3. Fraud, scams, and targeted manipulation",Human,Post-deployment,Intentional
MIT,736,True,4. Malicious Actors & Misuse,"4.2. Cyberattacks, weapon development or use, and mass harm",Human,Post-deployment,Intentional
MIT,737,True,4. Malicious Actors & Misuse,"4.1. Disinformation, surveillance, and influence at scale",AI,Post-deployment,Intentional
MIT,738,True,1. Discrimination and Toxicity,1.3. Unequal performance across groups,AI,Post-deployment,Unintentional
MIT,739,True,4. Malicious Actors & Misuse,"4.3. Fraud, scams, and targeted manipulation",Human,Post-deployment,Intentional
MIT,740,True,1. Discrimination and Toxicity,1.1. Unfair discrimination and misrepresentation,AI,Post-deployment,Unintentional
MIT,741,True,4. Malicious Actors & Misuse,"4.3. Fraud, scams, and targeted manipulation",AI,Post-deployment,Intentional
MIT,742,True,3. Misinformation,3.1. False or misleading information,AI,Post-deployment,Unintentional
MIT,743,True,2. Privacy & Security,"2.1. Compromise of privacy by obtaining, leaking or correctly inferring sensitive information",AI,Post-deployment,Unintentional
MIT,744,True,3. Misinformation,3.1. False or misleading information,AI,Post-deployment,Unintentional
MIT,745,True,4. Malicious Actors & Misuse,"4.3. Fraud, scams, and targeted manipulation",AI,Post-deployment,Unintentional
MIT,746,True,"7. AI system safety, failures, and limitations",7.3. Lack of capability or robustness,AI,Post-deployment,Unintentional
MIT,747,True,"7. AI system safety, failures, and limitations",7.3. Lack of capability or robustness,AI,Post-deployment,Unintentional
MIT,748,True,3. Misinformation,3.1. False or misleading information,AI,Post-deployment,Unintentional
MIT,749,True,3. Misinformation,3.1. False or misleading information,Human,Post-deployment,Intentional
MIT,750,True,3. Misinformation,3.1. False or misleading information,AI,Post-deployment,Unintentional
MIT,751,True,3. Misinformation,3.1. False or misleading information,AI,Post-deployment,Unintentional
MIT,752,True,3. Misinformation,3.1. False or misleading information,AI,Post-deployment,Intentional
MIT,753,True,3. Misinformation,3.1. False or misleading information,AI,Post-deployment,Unintentional
MIT,754,True,4. Malicious Actors & Misuse,"4.3. Fraud, scams, and targeted manipulation",AI,Post-deployment,Intentional
MIT,755,True,4. Malicious Actors & Misuse,"4.1. Disinformation, surveillance, and influence at scale",Human,Post-deployment,Intentional
MIT,756,True,4. Malicious Actors & Misuse,"4.1. Disinformation, surveillance, and influence at scale",Human,Post-deployment,Intentional
MIT,757,True,2. Privacy & Security,2.2. AI system security vulnerabilities and attacks,AI,Post-deployment,Unintentional
MIT,758,True,"7. AI system safety, failures, and limitations",7.3. Lack of capability or robustness,AI,Post-deployment,Unintentional
MIT,759,True,4. Malicious Actors & Misuse,"4.3. Fraud, scams, and targeted manipulation",AI,Post-deployment,Intentional
MIT,760,True,3. Misinformation,3.1. False or misleading information,AI,Post-deployment,Unintentional
MIT,761,True,4. Malicious Actors & Misuse,"4.1. Disinformation, surveillance, and influence at scale",Human,Post-deployment,Intentional
MIT,762,True,1. Discrimination and Toxicity,1.2. Exposure to toxic content,AI,Post-deployment,Intentional
MIT,763,True,3. Misinformation,3.1. False or misleading information,AI,Post-deployment,Unintentional
MIT,764,True,3. Misinformation,3.1. False or misleading information,Human,Post-deployment,Intentional
MIT,765,True,4. Malicious Actors & Misuse,"4.3. Fraud, scams, and targeted manipulation",Human,Post-deployment,Intentional
MIT,766,True,4. Malicious Actors & Misuse,"4.1. Disinformation, surveillance, and influence at scale",AI,Post-deployment,Intentional
MIT,767,True,4. Malicious Actors & Misuse,"4.1. Disinformation, surveillance, and influence at scale",Human,Post-deployment,Intentional
MIT,768,True,2. Privacy & Security,"2.1. Compromise of privacy by obtaining, leaking or correctly inferring sensitive information",Human,Post-deployment,Unintentional
MIT,769,True,4. Malicious Actors & Misuse,"4.3. Fraud, scams, and targeted manipulation",Human,Post-deployment,Intentional
MIT,770,True,3. Misinformation,3.1. False or misleading information,AI,Post-deployment,Unintentional
MIT,771,True,4. Malicious Actors & Misuse,"4.3. Fraud, scams, and targeted manipulation",AI,Post-deployment,Unintentional
MIT,772,True,4. Malicious Actors & Misuse,"4.3. Fraud, scams, and targeted manipulation",AI,Post-deployment,Intentional
MIT,773,True,2. Privacy & Security,"2.1. Compromise of privacy by obtaining, leaking or correctly inferring sensitive information",AI,Post-deployment,Unintentional
MIT,774,True,4. Malicious Actors & Misuse,"4.1. Disinformation, surveillance, and influence at scale",Human,Post-deployment,Intentional
MIT,775,True,4. Malicious Actors & Misuse,"4.1. Disinformation, surveillance, and influence at scale",Human,Post-deployment,Intentional
MIT,776,True,3. Misinformation,3.1. False or misleading information,AI,Post-deployment,Unintentional
MIT,777,True,4. Malicious Actors & Misuse,"4.3. Fraud, scams, and targeted manipulation",AI,Post-deployment,Intentional
MIT,778,True,3. Misinformation,3.1. False or misleading information,AI,Post-deployment,Unintentional
MIT,779,True,4. Malicious Actors & Misuse,"4.3. Fraud, scams, and targeted manipulation",Human,Post-deployment,Intentional
MIT,780,True,4. Malicious Actors & Misuse,"4.3. Fraud, scams, and targeted manipulation",Human,Post-deployment,Intentional
MIT,781,True,2. Privacy & Security,"2.1. Compromise of privacy by obtaining, leaking or correctly inferring sensitive information",AI,Post-deployment,Intentional
MIT,782,True,4. Malicious Actors & Misuse,"4.3. Fraud, scams, and targeted manipulation",Human,Post-deployment,Intentional
MIT,783,True,4. Malicious Actors & Misuse,"4.3. Fraud, scams, and targeted manipulation",AI,Post-deployment,Intentional
MIT,784,True,4. Malicious Actors & Misuse,"4.3. Fraud, scams, and targeted manipulation",AI,Post-deployment,Intentional
MIT,785,True,"7. AI system safety, failures, and limitations",7.3. Lack of capability or robustness,AI,Post-deployment,Unintentional
MIT,786,True,4. Malicious Actors & Misuse,"4.3. Fraud, scams, and targeted manipulation",AI,Post-deployment,Unintentional
MIT,787,True,4. Malicious Actors & Misuse,"4.3. Fraud, scams, and targeted manipulation",AI,Post-deployment,Intentional
MIT,788,True,1. Discrimination and Toxicity,1.2. Exposure to toxic content,AI,Post-deployment,Unintentional
MIT,789,True,"7. AI system safety, failures, and limitations",7.3. Lack of capability or robustness,AI,Post-deployment,Unintentional
MIT,790,True,1. Discrimination and Toxicity,1.2. Exposure to toxic content,Human,Post-deployment,Unintentional
MIT,791,True,3. Misinformation,3.1. False or misleading information,AI,Post-deployment,Unintentional
MIT,792,True,4. Malicious Actors & Misuse,"4.3. Fraud, scams, and targeted manipulation",Human,Post-deployment,Intentional
MIT,793,True,4. Malicious Actors & Misuse,"4.3. Fraud, scams, and targeted manipulation",Human,Post-deployment,Intentional
MIT,794,True,"7. AI system safety, failures, and limitations",7.3. Lack of capability or robustness,AI,Post-deployment,Unintentional
MIT,795,True,4. Malicious Actors & Misuse,"4.3. Fraud, scams, and targeted manipulation",AI,Post-deployment,Intentional
MIT,796,True,"7. AI system safety, failures, and limitations",7.3. Lack of capability or robustness,AI,Post-deployment,Unintentional
MIT,797,True,4. Malicious Actors & Misuse,"4.3. Fraud, scams, and targeted manipulation",Human,Post-deployment,Intentional
MIT,798,True,4. Malicious Actors & Misuse,"4.3. Fraud, scams, and targeted manipulation",AI,Post-deployment,Unintentional
MIT,799,True,4. Malicious Actors & Misuse,"4.3. Fraud, scams, and targeted manipulation",AI,Post-deployment,Intentional
MIT,800,True,4. Malicious Actors & Misuse,"4.3. Fraud, scams, and targeted manipulation",AI,Post-deployment,Intentional
MIT,801,True,4. Malicious Actors & Misuse,"4.1. Disinformation, surveillance, and influence at scale",Human,Post-deployment,Intentional
MIT,802,True,4. Malicious Actors & Misuse,"4.3. Fraud, scams, and targeted manipulation",AI,Post-deployment,Intentional
MIT,803,True,3. Misinformation,3.1. False or misleading information,AI,Post-deployment,Unintentional
MIT,804,True,3. Misinformation,3.1. False or misleading information,AI,Post-deployment,Intentional
MIT,805,True,4. Malicious Actors & Misuse,"4.1. Disinformation, surveillance, and influence at scale",AI,Post-deployment,Intentional
MIT,806,True,4. Malicious Actors & Misuse,"4.3. Fraud, scams, and targeted manipulation",Human,Post-deployment,Intentional
MIT,807,True,2. Privacy & Security,"2.1. Compromise of privacy by obtaining, leaking or correctly inferring sensitive information",Human,Post-deployment,Intentional
MIT,808,True,1. Discrimination and Toxicity,1.3. Unequal performance across groups,AI,Post-deployment,Intentional
MIT,809,True,4. Malicious Actors & Misuse,"4.1. Disinformation, surveillance, and influence at scale",AI,Post-deployment,Unintentional
MIT,810,True,1. Discrimination and Toxicity,1.2. Exposure to toxic content,AI,Post-deployment,Unintentional
MIT,811,True,2. Privacy & Security,"2.1. Compromise of privacy by obtaining, leaking or correctly inferring sensitive information",AI,Post-deployment,Unintentional
MIT,812,True,4. Malicious Actors & Misuse,"4.3. Fraud, scams, and targeted manipulation",Human,Post-deployment,Intentional
MIT,813,True,"7. AI system safety, failures, and limitations",7.3. Lack of capability or robustness,AI,Post-deployment,Unintentional
MIT,814,True,2. Privacy & Security,"2.1. Compromise of privacy by obtaining, leaking or correctly inferring sensitive information",Human,Post-deployment,Other
MIT,815,True,1. Discrimination and Toxicity,1.3. Unequal performance across groups,Human,Post-deployment,Intentional
MIT,816,True,"7. AI system safety, failures, and limitations",7.3. Lack of capability or robustness,AI,Post-deployment,Unintentional
MIT,817,True,3. Misinformation,3.1. False or misleading information,AI,Post-deployment,Intentional
MIT,818,True,4. Malicious Actors & Misuse,"4.3. Fraud, scams, and targeted manipulation",Human,Post-deployment,Intentional
MIT,819,True,4. Malicious Actors & Misuse,"4.3. Fraud, scams, and targeted manipulation",AI,Post-deployment,Intentional
MIT,820,True,1. Discrimination and Toxicity,1.1. Unfair discrimination and misrepresentation,AI,Post-deployment,Unintentional
MIT,821,True,"7. AI system safety, failures, and limitations",7.3. Lack of capability or robustness,AI,Post-deployment,Unintentional
MIT,822,True,1. Discrimination and Toxicity,1.1. Unfair discrimination and misrepresentation,AI,Post-deployment,Intentional
MIT,823,True,"7. AI system safety, failures, and limitations",7.3. Lack of capability or robustness,AI,Post-deployment,Unintentional
MIT,824,True,4. Malicious Actors & Misuse,"4.1. Disinformation, surveillance, and influence at scale",AI,Post-deployment,Intentional
MIT,825,True,3. Misinformation,3.1. False or misleading information,AI,Post-deployment,Unintentional
MIT,826,True,5. Human-Computer Interaction,5.1. Overreliance and unsafe use,AI,Post-deployment,Unintentional
MIT,827,True,3. Misinformation,3.1. False or misleading information,AI,Post-deployment,Unintentional
MIT,828,True,3. Misinformation,3.1. False or misleading information,Human,Post-deployment,Intentional
MIT,829,True,"7. AI system safety, failures, and limitations",7.3. Lack of capability or robustness,AI,Post-deployment,Unintentional
MIT,830,True,"7. AI system safety, failures, and limitations",7.3. Lack of capability or robustness,AI,Post-deployment,Unintentional
MIT,831,True,"7. AI system safety, failures, and limitations",7.3. Lack of capability or robustness,AI,Post-deployment,Unintentional
MIT,832,True,4. Malicious Actors & Misuse,"4.3. Fraud, scams, and targeted manipulation",AI,Post-deployment,Intentional
MIT,833,True,6. Socioeconomic & Environmental Harms,6.2. Increased inequality and decline in employment quality,Human,Post-deployment,Intentional
MIT,834,True,4. Malicious Actors & Misuse,"4.3. Fraud, scams, and targeted manipulation",Human,Post-deployment,Intentional
MIT,835,True,4. Malicious Actors & Misuse,"4.1. Disinformation, surveillance, and influence at scale",Human,Post-deployment,Intentional
MIT,836,True,4. Malicious Actors & Misuse,"4.1. Disinformation, surveillance, and influence at scale",Human,Post-deployment,Intentional
MIT,837,True,4. Malicious Actors & Misuse,"4.1. Disinformation, surveillance, and influence at scale",Human,Pre-deployment,Intentional
MIT,838,True,3. Misinformation,3.1. False or misleading information,AI,Post-deployment,Unintentional
MIT,839,True,4. Malicious Actors & Misuse,"4.3. Fraud, scams, and targeted manipulation",AI,Post-deployment,Intentional
MIT,840,True,4. Malicious Actors & Misuse,"4.1. Disinformation, surveillance, and influence at scale",AI,Post-deployment,Intentional
MIT,841,True,4. Malicious Actors & Misuse,"4.1. Disinformation, surveillance, and influence at scale",AI,Post-deployment,Intentional
MIT,842,True,2. Privacy & Security,2.2. AI system security vulnerabilities and attacks,Human,Post-deployment,Intentional
MIT,843,True,4. Malicious Actors & Misuse,"4.3. Fraud, scams, and targeted manipulation",Human,Post-deployment,Intentional
MIT,844,True,1. Discrimination and Toxicity,1.1. Unfair discrimination and misrepresentation,AI,Post-deployment,Unintentional
MIT,845,True,1. Discrimination and Toxicity,1.2. Exposure to toxic content,AI,Post-deployment,Unintentional
MIT,846,True,4. Malicious Actors & Misuse,"4.1. Disinformation, surveillance, and influence at scale",Human,Post-deployment,Intentional
MIT,847,True,"7. AI system safety, failures, and limitations",7.3. Lack of capability or robustness,AI,Pre-deployment,Unintentional
MIT,848,True,4. Malicious Actors & Misuse,"4.3. Fraud, scams, and targeted manipulation",Human,Post-deployment,Intentional
MIT,849,True,"7. AI system safety, failures, and limitations",7.3. Lack of capability or robustness,AI,Post-deployment,Unintentional
MIT,850,True,1. Discrimination and Toxicity,1.2. Exposure to toxic content,Human,Post-deployment,Intentional
MIT,851,True,4. Malicious Actors & Misuse,"4.3. Fraud, scams, and targeted manipulation",Human,Post-deployment,Intentional
MIT,852,True,3. Misinformation,3.1. False or misleading information,AI,Post-deployment,Unintentional
MIT,853,True,"7. AI system safety, failures, and limitations",7.3. Lack of capability or robustness,AI,Post-deployment,Unintentional
MIT,854,True,5. Human-Computer Interaction,5.2. Loss of human agency and autonomy,AI,Post-deployment,Unintentional
MIT,855,True,"7. AI system safety, failures, and limitations",7.3. Lack of capability or robustness,AI,Post-deployment,Intentional
MIT,856,True,4. Malicious Actors & Misuse,"4.1. Disinformation, surveillance, and influence at scale",AI,Post-deployment,Intentional
MIT,857,True,"7. AI system safety, failures, and limitations",7.3. Lack of capability or robustness,AI,Post-deployment,Unintentional
MIT,858,True,4. Malicious Actors & Misuse,"4.3. Fraud, scams, and targeted manipulation",Human,Post-deployment,Intentional
MIT,859,True,3. Misinformation,3.1. False or misleading information,AI,Post-deployment,Unintentional
MIT,860,True,"7. AI system safety, failures, and limitations",7.3. Lack of capability or robustness,AI,Post-deployment,Unintentional
MIT,861,True,3. Misinformation,3.1. False or misleading information,AI,Post-deployment,Unintentional
MIT,862,True,4. Malicious Actors & Misuse,"4.1. Disinformation, surveillance, and influence at scale",Human,Post-deployment,Intentional
MIT,863,True,1. Discrimination and Toxicity,1.2. Exposure to toxic content,AI,Post-deployment,Unintentional
MIT,864,True,4. Malicious Actors & Misuse,"4.3. Fraud, scams, and targeted manipulation",AI,Post-deployment,Intentional
MIT,865,True,4. Malicious Actors & Misuse,"4.3. Fraud, scams, and targeted manipulation",Human,Post-deployment,Intentional
MIT,866,True,4. Malicious Actors & Misuse,"4.1. Disinformation, surveillance, and influence at scale",Human,Post-deployment,Intentional
MIT,867,True,4. Malicious Actors & Misuse,"4.3. Fraud, scams, and targeted manipulation",AI,Post-deployment,Intentional
MIT,868,True,"7. AI system safety, failures, and limitations",7.3. Lack of capability or robustness,AI,Post-deployment,Unintentional
MIT,869,True,1. Discrimination and Toxicity,1.2. Exposure to toxic content,AI,Post-deployment,Unintentional
MIT,870,True,4. Malicious Actors & Misuse,"4.3. Fraud, scams, and targeted manipulation",Human,Post-deployment,Intentional
MIT,871,True,4. Malicious Actors & Misuse,"4.3. Fraud, scams, and targeted manipulation",AI,Post-deployment,Intentional
MIT,872,True,4. Malicious Actors & Misuse,"4.3. Fraud, scams, and targeted manipulation",Human,Post-deployment,Intentional
MIT,873,True,1. Discrimination and Toxicity,1.2. Exposure to toxic content,AI,Post-deployment,Unintentional
MIT,874,True,4. Malicious Actors & Misuse,"4.3. Fraud, scams, and targeted manipulation",AI,Post-deployment,Intentional
MIT,875,True,4. Malicious Actors & Misuse,"4.3. Fraud, scams, and targeted manipulation",Human,Post-deployment,Intentional
MIT,876,True,4. Malicious Actors & Misuse,"4.3. Fraud, scams, and targeted manipulation",AI,Post-deployment,Intentional
MIT,877,True,4. Malicious Actors & Misuse,"4.3. Fraud, scams, and targeted manipulation",Human,Post-deployment,Intentional
MIT,878,True,4. Malicious Actors & Misuse,"4.3. Fraud, scams, and targeted manipulation",Human,Post-deployment,Intentional
MIT,879,True,4. Malicious Actors & Misuse,"4.1. Disinformation, surveillance, and influence at scale",Human,Post-deployment,Intentional
MIT,880,True,4. Malicious Actors & Misuse,"4.3. Fraud, scams, and targeted manipulation",Human,Post-deployment,Intentional
MIT,965,True,4. Malicious Actors & Misuse,"4.3. Fraud, scams, and targeted manipulation",Human,Post-deployment,Intentional
MIT,1059,True,3. Misinformation,3.1. False or misleading information,AI,Post-deployment,Other
MIT,1116,True,4. Malicious Actors & Misuse,"4.3. Fraud, scams, and targeted manipulation",Human,Post-deployment,Intentional
MIT,1146,True,1. Discrimination and Toxicity,1.2. Exposure to toxic content,AI,Post-deployment,Unintentional
MIT,931,True,4. Malicious Actors & Misuse,"4.1. Disinformation, surveillance, and influence at scale",Human,Post-deployment,Intentional
MIT,917,True,4. Malicious Actors & Misuse,"4.3. Fraud, scams, and targeted manipulation",Human,Post-deployment,Intentional
MIT,1073,True,3. Misinformation,3.1. False or misleading information,Human,Post-deployment,Unintentional
MIT,992,True,4. Malicious Actors & Misuse,"4.3. Fraud, scams, and targeted manipulation",AI,Post-deployment,Intentional
MIT,999,True,4. Malicious Actors & Misuse,"4.3. Fraud, scams, and targeted manipulation",Human,Post-deployment,Intentional
MIT,1133,True,4. Malicious Actors & Misuse,"4.1. Disinformation, surveillance, and influence at scale",Human,Post-deployment,Intentional
MIT,1218,True,2. Privacy & Security,2.2. AI system security vulnerabilities and attacks,AI,Post-deployment,Unintentional
MIT,1219,True,"7. AI system safety, failures, and limitations",7.3. Lack of capability or robustness,AI,Post-deployment,Unintentional
MIT,915,True,3. Misinformation,3.1. False or misleading information,AI,Post-deployment,Unintentional
MIT,1192,True,5. Human-Computer Interaction,5.1. Overreliance and unsafe use,AI,Post-deployment,Unintentional
MIT,995,True,2. Privacy & Security,"2.1. Compromise of privacy by obtaining, leaking or correctly inferring sensitive information",AI,Post-deployment,Unintentional
MIT,898,True,4. Malicious Actors & Misuse,"4.3. Fraud, scams, and targeted manipulation",Human,Post-deployment,Intentional
MIT,1054,True,4. Malicious Actors & Misuse,"4.1. Disinformation, surveillance, and influence at scale",Human,Post-deployment,Intentional
MIT,1074,True,3. Misinformation,3.1. False or misleading information,AI,Post-deployment,Unintentional
MIT,1004,True,4. Malicious Actors & Misuse,"4.3. Fraud, scams, and targeted manipulation",AI,Post-deployment,Intentional
MIT,945,True,4. Malicious Actors & Misuse,"4.3. Fraud, scams, and targeted manipulation",Human,Post-deployment,Intentional
MIT,988,True,4. Malicious Actors & Misuse,"4.1. Disinformation, surveillance, and influence at scale",AI,Post-deployment,Intentional
MIT,1124,True,4. Malicious Actors & Misuse,"4.3. Fraud, scams, and targeted manipulation",AI,Post-deployment,Intentional
MIT,1140,True,4. Malicious Actors & Misuse,"4.3. Fraud, scams, and targeted manipulation",AI,Post-deployment,Intentional
MIT,1101,True,2. Privacy & Security,"2.1. Compromise of privacy by obtaining, leaking or correctly inferring sensitive information",Human,Post-deployment,Unintentional
MIT,943,True,4. Malicious Actors & Misuse,"4.3. Fraud, scams, and targeted manipulation",Human,Post-deployment,Intentional
MIT,1007,True,4. Malicious Actors & Misuse,"4.1. Disinformation, surveillance, and influence at scale",AI,Post-deployment,Intentional
MIT,1187,True,4. Malicious Actors & Misuse,"4.3. Fraud, scams, and targeted manipulation",AI,Post-deployment,Unintentional
MIT,1119,True,4. Malicious Actors & Misuse,"4.3. Fraud, scams, and targeted manipulation",Human,Post-deployment,Intentional
MIT,941,True,4. Malicious Actors & Misuse,"4.3. Fraud, scams, and targeted manipulation",AI,Post-deployment,Intentional
MIT,1051,True,3. Misinformation,3.1. False or misleading information,AI,Post-deployment,Intentional
MIT,997,True,2. Privacy & Security,"2.1. Compromise of privacy by obtaining, leaking or correctly inferring sensitive information",Human,Pre-deployment,Intentional
MIT,1005,True,3. Misinformation,3.1. False or misleading information,Human,Post-deployment,Intentional
MIT,1167,True,"7. AI system safety, failures, and limitations",7.3. Lack of capability or robustness,AI,Post-deployment,Unintentional
MIT,1057,True,4. Malicious Actors & Misuse,"4.1. Disinformation, surveillance, and influence at scale",Human,Post-deployment,Intentional
MIT,949,True,4. Malicious Actors & Misuse,"4.3. Fraud, scams, and targeted manipulation",Human,Post-deployment,Intentional
MIT,942,True,4. Malicious Actors & Misuse,"4.3. Fraud, scams, and targeted manipulation",Human,Post-deployment,Intentional
MIT,977,True,3. Misinformation,3.1. False or misleading information,AI,Post-deployment,Unintentional
MIT,937,True,4. Malicious Actors & Misuse,"4.3. Fraud, scams, and targeted manipulation",Human,Post-deployment,Intentional
MIT,1249,True,4. Malicious Actors & Misuse,"4.3. Fraud, scams, and targeted manipulation",Human,Post-deployment,Intentional
MIT,944,True,3. Misinformation,3.1. False or misleading information,Human,Post-deployment,Intentional
MIT,1034,True,4. Malicious Actors & Misuse,"4.1. Disinformation, surveillance, and influence at scale",AI,Post-deployment,Intentional
MIT,1242,True,4. Malicious Actors & Misuse,"4.3. Fraud, scams, and targeted manipulation",Human,Post-deployment,Intentional
MIT,1231,True,4. Malicious Actors & Misuse,"4.1. Disinformation, surveillance, and influence at scale",Human,Post-deployment,Intentional
MIT,910,True,4. Malicious Actors & Misuse,"4.3. Fraud, scams, and targeted manipulation",AI,Post-deployment,Intentional
MIT,967,True,1. Discrimination and Toxicity,1.2. Exposure to toxic content,AI,Post-deployment,Unintentional
MIT,1253,True,5. Human-Computer Interaction,5.1. Overreliance and unsafe use,AI,Post-deployment,Unintentional
MIT,981,True,1. Discrimination and Toxicity,1.2. Exposure to toxic content,AI,Post-deployment,Unintentional
MIT,1182,True,3. Misinformation,3.1. False or misleading information,Human,Post-deployment,Intentional
MIT,966,True,4. Malicious Actors & Misuse,"4.3. Fraud, scams, and targeted manipulation",Human,Post-deployment,Intentional
MIT,1077,True,4. Malicious Actors & Misuse,"4.3. Fraud, scams, and targeted manipulation",Human,Post-deployment,Intentional
MIT,888,True,4. Malicious Actors & Misuse,"4.3. Fraud, scams, and targeted manipulation",Human,Post-deployment,Intentional
MIT,1234,True,4. Malicious Actors & Misuse,"4.3. Fraud, scams, and targeted manipulation",Human,Post-deployment,Intentional
MIT,1093,True,3. Misinformation,3.1. False or misleading information,AI,Post-deployment,Intentional
MIT,1236,True,4. Malicious Actors & Misuse,"4.3. Fraud, scams, and targeted manipulation",AI,Post-deployment,Intentional
MIT,1087,True,4. Malicious Actors & Misuse,"4.1. Disinformation, surveillance, and influence at scale",Human,Post-deployment,Intentional
MIT,957,True,1. Discrimination and Toxicity,1.2. Exposure to toxic content,AI,Post-deployment,Unintentional
MIT,951,True,5. Human-Computer Interaction,5.1. Overreliance and unsafe use,AI,Post-deployment,Unintentional
MIT,1011,True,4. Malicious Actors & Misuse,"4.3. Fraud, scams, and targeted manipulation",Human,Post-deployment,Intentional
MIT,1032,True,3. Misinformation,3.1. False or misleading information,AI,Post-deployment,Intentional
MIT,1176,True,2. Privacy & Security,"2.1. Compromise of privacy by obtaining, leaking or correctly inferring sensitive information",AI,Post-deployment,Unintentional
MIT,1149,True,1. Discrimination and Toxicity,1.2. Exposure to toxic content,AI,Post-deployment,Unintentional
MIT,1154,True,4. Malicious Actors & Misuse,"4.3. Fraud, scams, and targeted manipulation",AI,Post-deployment,Intentional
MIT,893,True,1. Discrimination and Toxicity,1.2. Exposure to toxic content,Human,Post-deployment,Intentional
MIT,996,True,2. Privacy & Security,"2.1. Compromise of privacy by obtaining, leaking or correctly inferring sensitive information",Human,Pre-deployment,Intentional
MIT,925,True,"7. AI system safety, failures, and limitations",7.3. Lack of capability or robustness,AI,Post-deployment,Unintentional
MIT,1114,True,4. Malicious Actors & Misuse,"4.3. Fraud, scams, and targeted manipulation",Human,Post-deployment,Intentional
MIT,1065,True,4. Malicious Actors & Misuse,"4.3. Fraud, scams, and targeted manipulation",Human,Post-deployment,Intentional
MIT,1037,True,4. Malicious Actors & Misuse,"4.3. Fraud, scams, and targeted manipulation",Human,Post-deployment,Intentional
MIT,974,True,4. Malicious Actors & Misuse,"4.1. Disinformation, surveillance, and influence at scale",AI,Post-deployment,Intentional
MIT,890,True,3. Misinformation,3.1. False or misleading information,AI,Post-deployment,Unintentional
MIT,1161,True,4. Malicious Actors & Misuse,"4.3. Fraud, scams, and targeted manipulation",Human,Post-deployment,Intentional
MIT,1185,True,4. Malicious Actors & Misuse,"4.3. Fraud, scams, and targeted manipulation",Human,Post-deployment,Intentional
MIT,1157,True,1. Discrimination and Toxicity,1.2. Exposure to toxic content,AI,Post-deployment,Unintentional
MIT,1094,True,4. Malicious Actors & Misuse,"4.1. Disinformation, surveillance, and influence at scale",Human,Post-deployment,Intentional
MIT,1118,True,4. Malicious Actors & Misuse,"4.3. Fraud, scams, and targeted manipulation",Human,Post-deployment,Intentional
MIT,986,True,4. Malicious Actors & Misuse,"4.3. Fraud, scams, and targeted manipulation",AI,Post-deployment,Intentional
MIT,1229,True,4. Malicious Actors & Misuse,"4.3. Fraud, scams, and targeted manipulation",Human,Post-deployment,Intentional
MIT,1200,True,1. Discrimination and Toxicity,1.2. Exposure to toxic content,AI,Post-deployment,Unintentional
MIT,1168,True,4. Malicious Actors & Misuse,"4.1. Disinformation, surveillance, and influence at scale",AI,Post-deployment,Intentional
MIT,1139,True,3. Misinformation,3.1. False or misleading information,AI,Post-deployment,Unintentional
MIT,1183,True,3. Misinformation,3.1. False or misleading information,AI,Post-deployment,Unintentional
MIT,1028,True,"7. AI system safety, failures, and limitations",7.3. Lack of capability or robustness,AI,Post-deployment,Unintentional
MIT,1030,True,4. Malicious Actors & Misuse,"4.3. Fraud, scams, and targeted manipulation",Human,Post-deployment,Intentional
MIT,972,True,4. Malicious Actors & Misuse,"4.1. Disinformation, surveillance, and influence at scale",Human,Post-deployment,Intentional
MIT,1174,True,2. Privacy & Security,"2.1. Compromise of privacy by obtaining, leaking or correctly inferring sensitive information",AI,Post-deployment,Unintentional
MIT,1215,True,4. Malicious Actors & Misuse,"4.1. Disinformation, surveillance, and influence at scale",AI,Post-deployment,Intentional
MIT,1173,True,"7. AI system safety, failures, and limitations",7.3. Lack of capability or robustness,AI,Post-deployment,Unintentional
MIT,938,True,4. Malicious Actors & Misuse,"4.3. Fraud, scams, and targeted manipulation",Human,Post-deployment,Intentional
MIT,1152,True,"7. AI system safety, failures, and limitations",7.3. Lack of capability or robustness,AI,Post-deployment,Unintentional
MIT,1060,True,4. Malicious Actors & Misuse,"4.1. Disinformation, surveillance, and influence at scale",AI,Post-deployment,Intentional
MIT,1129,True,4. Malicious Actors & Misuse,"4.1. Disinformation, surveillance, and influence at scale",Human,Post-deployment,Intentional
MIT,961,True,4. Malicious Actors & Misuse,"4.1. Disinformation, surveillance, and influence at scale",AI,Post-deployment,Intentional
MIT,1096,True,3. Misinformation,3.1. False or misleading information,Human,Post-deployment,Intentional
MIT,1226,True,4. Malicious Actors & Misuse,"4.3. Fraud, scams, and targeted manipulation",Human,Post-deployment,Intentional
MIT,1240,True,4. Malicious Actors & Misuse,"4.3. Fraud, scams, and targeted manipulation",Human,Post-deployment,Intentional
MIT,920,True,4. Malicious Actors & Misuse,"4.3. Fraud, scams, and targeted manipulation",Human,Post-deployment,Intentional
MIT,889,True,"7. AI system safety, failures, and limitations",7.3. Lack of capability or robustness,AI,Post-deployment,Unintentional
MIT,1190,True,5. Human-Computer Interaction,5.1. Overreliance and unsafe use,AI,Post-deployment,Unintentional
MIT,1097,True,3. Misinformation,3.1. False or misleading information,AI,Post-deployment,Unintentional
MIT,1230,True,4. Malicious Actors & Misuse,"4.3. Fraud, scams, and targeted manipulation",Human,Post-deployment,Intentional
MIT,1063,True,4. Malicious Actors & Misuse,"4.3. Fraud, scams, and targeted manipulation",Human,Post-deployment,Intentional
MIT,1141,True,4. Malicious Actors & Misuse,"4.3. Fraud, scams, and targeted manipulation",Human,Post-deployment,Intentional
MIT,1169,True,4. Malicious Actors & Misuse,"4.1. Disinformation, surveillance, and influence at scale",AI,Post-deployment,Intentional
MIT,976,True,3. Misinformation,3.1. False or misleading information,Human,Post-deployment,Intentional
MIT,1111,True,4. Malicious Actors & Misuse,"4.3. Fraud, scams, and targeted manipulation",AI,Post-deployment,Intentional
MIT,1250,True,"7. AI system safety, failures, and limitations",7.3. Lack of capability or robustness,AI,Post-deployment,Unintentional
MIT,1206,True,4. Malicious Actors & Misuse,"4.3. Fraud, scams, and targeted manipulation",Human,Post-deployment,Intentional
MIT,1166,True,3. Misinformation,3.1. False or misleading information,AI,Post-deployment,Unintentional
MIT,1251,True,3. Misinformation,3.1. False or misleading information,AI,Post-deployment,Unintentional
MIT,1202,True,4. Malicious Actors & Misuse,"4.1. Disinformation, surveillance, and influence at scale",AI,Post-deployment,Intentional
MIT,1112,True,4. Malicious Actors & Misuse,"4.3. Fraud, scams, and targeted manipulation",Human,Post-deployment,Intentional
MIT,1081,True,2. Privacy & Security,"2.1. Compromise of privacy by obtaining, leaking or correctly inferring sensitive information",Human,Post-deployment,Intentional
MIT,1130,True,4. Malicious Actors & Misuse,"4.3. Fraud, scams, and targeted manipulation",Human,Post-deployment,Intentional
MIT,927,True,4. Malicious Actors & Misuse,"4.3. Fraud, scams, and targeted manipulation",AI,Post-deployment,Intentional
MIT,1208,True,4. Malicious Actors & Misuse,"4.3. Fraud, scams, and targeted manipulation",Human,Post-deployment,Intentional
MIT,1068,True,4. Malicious Actors & Misuse,"4.3. Fraud, scams, and targeted manipulation",Human,Post-deployment,Intentional
MIT,1031,True,"7. AI system safety, failures, and limitations",7.3. Lack of capability or robustness,AI,Post-deployment,Unintentional
MIT,994,True,4. Malicious Actors & Misuse,"4.3. Fraud, scams, and targeted manipulation",Human,Post-deployment,Intentional
MIT,1117,True,4. Malicious Actors & Misuse,"4.3. Fraud, scams, and targeted manipulation",Human,Post-deployment,Intentional
MIT,934,True,3. Misinformation,3.1. False or misleading information,AI,Post-deployment,Unintentional
MIT,1186,True,2. Privacy & Security,"2.1. Compromise of privacy by obtaining, leaking or correctly inferring sensitive information",AI,Post-deployment,Unintentional
MIT,1134,True,4. Malicious Actors & Misuse,"4.1. Disinformation, surveillance, and influence at scale",AI,Post-deployment,Intentional
MIT,1019,True,4. Malicious Actors & Misuse,"4.3. Fraud, scams, and targeted manipulation",Human,Post-deployment,Intentional
MIT,939,True,4. Malicious Actors & Misuse,"4.1. Disinformation, surveillance, and influence at scale",Human,Post-deployment,Intentional
MIT,1159,True,"7. AI system safety, failures, and limitations",7.3. Lack of capability or robustness,AI,Post-deployment,Unintentional
MIT,1008,True,4. Malicious Actors & Misuse,"4.3. Fraud, scams, and targeted manipulation",Human,Post-deployment,Intentional
MIT,982,True,4. Malicious Actors & Misuse,"4.3. Fraud, scams, and targeted manipulation",Human,Post-deployment,Intentional
MIT,1188,True,3. Misinformation,3.1. False or misleading information,AI,Post-deployment,Unintentional
MIT,1035,True,4. Malicious Actors & Misuse,"4.1. Disinformation, surveillance, and influence at scale",AI,Post-deployment,Intentional
MIT,946,True,4. Malicious Actors & Misuse,"4.3. Fraud, scams, and targeted manipulation",Human,Post-deployment,Intentional
MIT,956,True,2. Privacy & Security,"2.1. Compromise of privacy by obtaining, leaking or correctly inferring sensitive information",Human,Pre-deployment,Unintentional
MIT,1024,True,4. Malicious Actors & Misuse,"4.3. Fraud, scams, and targeted manipulation",AI,Post-deployment,Intentional
MIT,1204,True,5. Human-Computer Interaction,5.1. Overreliance and unsafe use,AI,Post-deployment,Unintentional
MIT,1198,True,1. Discrimination and Toxicity,1.2. Exposure to toxic content,AI,Post-deployment,Unintentional
MIT,1006,True,4. Malicious Actors & Misuse,"4.3. Fraud, scams, and targeted manipulation",Human,Post-deployment,Intentional
MIT,1107,True,4. Malicious Actors & Misuse,"4.3. Fraud, scams, and targeted manipulation",AI,Post-deployment,Intentional
MIT,1029,True,3. Misinformation,3.1. False or misleading information,AI,Post-deployment,Intentional
MIT,1142,True,4. Malicious Actors & Misuse,"4.3. Fraud, scams, and targeted manipulation",Human,Post-deployment,Intentional
MIT,887,True,4. Malicious Actors & Misuse,"4.3. Fraud, scams, and targeted manipulation",Human,Post-deployment,Intentional
MIT,906,True,2. Privacy & Security,"2.1. Compromise of privacy by obtaining, leaking or correctly inferring sensitive information",Human,Post-deployment,Intentional
MIT,1199,True,4. Malicious Actors & Misuse,"4.3. Fraud, scams, and targeted manipulation",AI,Post-deployment,Unintentional
MIT,1194,True,4. Malicious Actors & Misuse,"4.3. Fraud, scams, and targeted manipulation",Human,Post-deployment,Intentional
MIT,1156,True,4. Malicious Actors & Misuse,"4.3. Fraud, scams, and targeted manipulation",Human,Post-deployment,Intentional
MIT,1136,True,4. Malicious Actors & Misuse,"4.3. Fraud, scams, and targeted manipulation",Human,Post-deployment,Intentional
MIT,991,True,4. Malicious Actors & Misuse,"4.3. Fraud, scams, and targeted manipulation",Human,Post-deployment,Intentional
MIT,978,True,4. Malicious Actors & Misuse,"4.3. Fraud, scams, and targeted manipulation",Human,Post-deployment,Intentional
MIT,1088,True,4. Malicious Actors & Misuse,"4.1. Disinformation, surveillance, and influence at scale",Human,Post-deployment,Intentional
MIT,1103,True,"7. AI system safety, failures, and limitations",7.3. Lack of capability or robustness,AI,Post-deployment,Unintentional
MIT,1009,True,3. Misinformation,3.1. False or misleading information,Human,Post-deployment,Unintentional
MIT,952,True,"7. AI system safety, failures, and limitations",7.3. Lack of capability or robustness,AI,Post-deployment,Other
MIT,1098,True,3. Misinformation,3.1. False or misleading information,AI,Post-deployment,Other
MIT,1177,True,5. Human-Computer Interaction,5.1. Overreliance and unsafe use,AI,Post-deployment,Intentional
MIT,1105,True,4. Malicious Actors & Misuse,"4.3. Fraud, scams, and targeted manipulation",Human,Post-deployment,Intentional
MIT,1075,True,2. Privacy & Security,"2.1. Compromise of privacy by obtaining, leaking or correctly inferring sensitive information",AI,Post-deployment,Intentional
MIT,904,True,4. Malicious Actors & Misuse,"4.3. Fraud, scams, and targeted manipulation",AI,Post-deployment,Intentional
MIT,1085,True,4. Malicious Actors & Misuse,"4.3. Fraud, scams, and targeted manipulation",AI,Post-deployment,Intentional
MIT,1042,True,4. Malicious Actors & Misuse,"4.3. Fraud, scams, and targeted manipulation",AI,Post-deployment,Intentional
MIT,1248,True,3. Misinformation,3.1. False or misleading information,AI,Post-deployment,Unintentional
MIT,1193,True,3. Misinformation,3.1. False or misleading information,AI,Post-deployment,Unintentional
MIT,1151,True,5. Human-Computer Interaction,5.1. Overreliance and unsafe use,AI,Post-deployment,Unintentional
MIT,1238,True,4. Malicious Actors & Misuse,"4.2. Cyberattacks, weapon development or use, and mass harm",AI,Post-deployment,Unintentional
MIT,1043,True,4. Malicious Actors & Misuse,"4.3. Fraud, scams, and targeted manipulation",Human,Post-deployment,Intentional
MIT,885,True,1. Discrimination and Toxicity,1.1. Unfair discrimination and misrepresentation,AI,Post-deployment,Unintentional
MIT,1145,True,"7. AI system safety, failures, and limitations",7.3. Lack of capability or robustness,Human,Post-deployment,Unintentional
MIT,1079,True,4. Malicious Actors & Misuse,"4.1. Disinformation, surveillance, and influence at scale",Human,Post-deployment,Intentional
MIT,1126,True,4. Malicious Actors & Misuse,"4.3. Fraud, scams, and targeted manipulation",Human,Post-deployment,Intentional
MIT,990,True,4. Malicious Actors & Misuse,"4.3. Fraud, scams, and targeted manipulation",Human,Post-deployment,Intentional
MIT,1010,True,2. Privacy & Security,"2.1. Compromise of privacy by obtaining, leaking or correctly inferring sensitive information",Human,Post-deployment,Unintentional
MIT,1137,True,3. Misinformation,3.1. False or misleading information,AI,Post-deployment,Unintentional
MIT,913,True,4. Malicious Actors & Misuse,"4.3. Fraud, scams, and targeted manipulation",Human,Post-deployment,Intentional
MIT,964,True,1. Discrimination and Toxicity,1.2. Exposure to toxic content,AI,Post-deployment,Unintentional
MIT,950,True,2. Privacy & Security,2.2. AI system security vulnerabilities and attacks,AI,Post-deployment,Unintentional
MIT,1155,True,3. Misinformation,3.1. False or misleading information,AI,Post-deployment,Unintentional
MIT,1212,True,1. Discrimination and Toxicity,1.2. Exposure to toxic content,AI,Post-deployment,Unintentional
MIT,954,True,4. Malicious Actors & Misuse,"4.3. Fraud, scams, and targeted manipulation",Human,Post-deployment,Intentional
MIT,987,True,4. Malicious Actors & Misuse,"4.3. Fraud, scams, and targeted manipulation",AI,Post-deployment,Intentional
MIT,1003,True,2. Privacy & Security,2.2. AI system security vulnerabilities and attacks,Human,Post-deployment,Intentional
MIT,985,True,4. Malicious Actors & Misuse,"4.3. Fraud, scams, and targeted manipulation",AI,Post-deployment,Intentional
MIT,903,True,4. Malicious Actors & Misuse,"4.3. Fraud, scams, and targeted manipulation",AI,Post-deployment,Intentional
MIT,947,True,4. Malicious Actors & Misuse,"4.3. Fraud, scams, and targeted manipulation",Human,Post-deployment,Intentional
MIT,963,True,4. Malicious Actors & Misuse,"4.3. Fraud, scams, and targeted manipulation",Human,Post-deployment,Intentional
MIT,916,True,4. Malicious Actors & Misuse,"4.3. Fraud, scams, and targeted manipulation",Human,Post-deployment,Intentional
MIT,1016,True,4. Malicious Actors & Misuse,"4.3. Fraud, scams, and targeted manipulation",AI,Post-deployment,Unintentional
MIT,1092,True,4. Malicious Actors & Misuse,"4.1. Disinformation, surveillance, and influence at scale",AI,Post-deployment,Intentional
MIT,1180,True,5. Human-Computer Interaction,5.1. Overreliance and unsafe use,AI,Post-deployment,Unintentional
MIT,896,True,"7. AI system safety, failures, and limitations",7.3. Lack of capability or robustness,Human,Post-deployment,Unintentional
MIT,970,True,4. Malicious Actors & Misuse,"4.3. Fraud, scams, and targeted manipulation",Human,Post-deployment,Intentional
MIT,1053,True,4. Malicious Actors & Misuse,"4.3. Fraud, scams, and targeted manipulation",Human,Post-deployment,Intentional
MIT,900,True,1. Discrimination and Toxicity,1.2. Exposure to toxic content,AI,Post-deployment,Unintentional
MIT,1027,True,3. Misinformation,3.1. False or misleading information,Human,Post-deployment,Unintentional
MIT,955,True,4. Malicious Actors & Misuse,"4.3. Fraud, scams, and targeted manipulation",Human,Post-deployment,Intentional
MIT,1217,True,4. Malicious Actors & Misuse,"4.3. Fraud, scams, and targeted manipulation",Human,Post-deployment,Intentional
MIT,1120,True,4. Malicious Actors & Misuse,"4.3. Fraud, scams, and targeted manipulation",Human,Post-deployment,Intentional
MIT,1067,True,4. Malicious Actors & Misuse,"4.3. Fraud, scams, and targeted manipulation",Human,Post-deployment,Intentional
MIT,1099,True,"7. AI system safety, failures, and limitations",7.3. Lack of capability or robustness,Human,Post-deployment,Unintentional
MIT,1069,True,2. Privacy & Security,"2.1. Compromise of privacy by obtaining, leaking or correctly inferring sensitive information",AI,Post-deployment,Intentional
MIT,1102,True,4. Malicious Actors & Misuse,"4.3. Fraud, scams, and targeted manipulation",Human,Post-deployment,Intentional
MIT,1121,True,4. Malicious Actors & Misuse,"4.3. Fraud, scams, and targeted manipulation",AI,Post-deployment,Intentional
MIT,1022,True,4. Malicious Actors & Misuse,"4.1. Disinformation, surveillance, and influence at scale",AI,Post-deployment,Intentional
MIT,1115,True,4. Malicious Actors & Misuse,"4.3. Fraud, scams, and targeted manipulation",Human,Post-deployment,Intentional
MIT,968,True,4. Malicious Actors & Misuse,"4.1. Disinformation, surveillance, and influence at scale",Human,Post-deployment,Intentional
MIT,1046,True,"7. AI system safety, failures, and limitations",7.3. Lack of capability or robustness,AI,Post-deployment,Unintentional
MIT,1108,True,3. Misinformation,3.1. False or misleading information,AI,Post-deployment,Unintentional
MIT,1211,True,3. Misinformation,3.1. False or misleading information,AI,Post-deployment,Unintentional
MIT,1061,True,4. Malicious Actors & Misuse,"4.1. Disinformation, surveillance, and influence at scale",AI,Post-deployment,Intentional
MIT,933,True,4. Malicious Actors & Misuse,"4.3. Fraud, scams, and targeted manipulation",Human,Post-deployment,Intentional
MIT,1127,True,4. Malicious Actors & Misuse,"4.3. Fraud, scams, and targeted manipulation",Human,Post-deployment,Intentional
MIT,936,True,4. Malicious Actors & Misuse,"4.3. Fraud, scams, and targeted manipulation",Human,Post-deployment,Intentional
MIT,1245,True,4. Malicious Actors & Misuse,"4.3. Fraud, scams, and targeted manipulation",Human,Post-deployment,Intentional
MIT,1163,True,4. Malicious Actors & Misuse,"4.3. Fraud, scams, and targeted manipulation",Human,Post-deployment,Intentional
MIT,1048,True,4. Malicious Actors & Misuse,"4.3. Fraud, scams, and targeted manipulation",AI,Post-deployment,Intentional
MIT,993,True,"7. AI system safety, failures, and limitations",7.3. Lack of capability or robustness,Human,Post-deployment,Unintentional
MIT,1243,True,"7. AI system safety, failures, and limitations",7.3. Lack of capability or robustness,AI,Post-deployment,Unintentional
MIT,1062,True,4. Malicious Actors & Misuse,"4.3. Fraud, scams, and targeted manipulation",Human,Post-deployment,Intentional
MIT,881,True,"7. AI system safety, failures, and limitations",7.3. Lack of capability or robustness,AI,Post-deployment,Unintentional
MIT,1084,True,3. Misinformation,3.1. False or misleading information,AI,Post-deployment,Unintentional
MIT,1002,True,4. Malicious Actors & Misuse,"4.1. Disinformation, surveillance, and influence at scale",Human,Post-deployment,Intentional
MIT,1144,True,6. Socioeconomic & Environmental Harms,6.6. Environmental harm,Human,Post-deployment,Intentional
MIT,921,True,4. Malicious Actors & Misuse,"4.3. Fraud, scams, and targeted manipulation",Human,Post-deployment,Intentional
MIT,926,True,4. Malicious Actors & Misuse,"4.3. Fraud, scams, and targeted manipulation",Human,Post-deployment,Intentional
MIT,1041,True,1. Discrimination and Toxicity,1.2. Exposure to toxic content,AI,Post-deployment,Unintentional
MIT,1150,True,4. Malicious Actors & Misuse,"4.1. Disinformation, surveillance, and influence at scale",Human,Post-deployment,Intentional
MIT,1021,True,4. Malicious Actors & Misuse,"4.3. Fraud, scams, and targeted manipulation",Human,Post-deployment,Intentional
MIT,1220,True,4. Malicious Actors & Misuse,"4.2. Cyberattacks, weapon development or use, and mass harm",Human,Post-deployment,Intentional
MIT,1178,True,"7. AI system safety, failures, and limitations",7.3. Lack of capability or robustness,AI,Post-deployment,Unintentional
MIT,1170,True,3. Misinformation,3.1. False or misleading information,Human,Post-deployment,Unintentional
MIT,989,True,4. Malicious Actors & Misuse,"4.1. Disinformation, surveillance, and influence at scale",Human,Post-deployment,Unintentional
MIT,1162,True,4. Malicious Actors & Misuse,"4.1. Disinformation, surveillance, and influence at scale",AI,Post-deployment,Intentional
MIT,924,True,4. Malicious Actors & Misuse,"4.3. Fraud, scams, and targeted manipulation",AI,Post-deployment,Intentional
MIT,1091,True,4. Malicious Actors & Misuse,"4.1. Disinformation, surveillance, and influence at scale",Human,Post-deployment,Intentional
MIT,1164,True,"7. AI system safety, failures, and limitations",7.3. Lack of capability or robustness,AI,Post-deployment,Unintentional
MIT,935,True,4. Malicious Actors & Misuse,"4.3. Fraud, scams, and targeted manipulation",AI,Post-deployment,Intentional
MIT,1225,True,4. Malicious Actors & Misuse,"4.3. Fraud, scams, and targeted manipulation",Human,Post-deployment,Intentional
MIT,1160,True,4. Malicious Actors & Misuse,"4.2. Cyberattacks, weapon development or use, and mass harm",Human,Post-deployment,Intentional
MIT,1210,True,2. Privacy & Security,2.2. AI system security vulnerabilities and attacks,AI,Post-deployment,Unintentional
MIT,1113,True,4. Malicious Actors & Misuse,"4.3. Fraud, scams, and targeted manipulation",AI,Post-deployment,Intentional
MIT,894,True,4. Malicious Actors & Misuse,"4.3. Fraud, scams, and targeted manipulation",AI,Post-deployment,Intentional
MIT,1078,True,4. Malicious Actors & Misuse,"4.3. Fraud, scams, and targeted manipulation",AI,Post-deployment,Intentional
MIT,899,True,1. Discrimination and Toxicity,1.2. Exposure to toxic content,Human,Post-deployment,Intentional
MIT,882,True,1. Discrimination and Toxicity,1.2. Exposure to toxic content,AI,Post-deployment,Unintentional
MIT,918,True,4. Malicious Actors & Misuse,"4.3. Fraud, scams, and targeted manipulation",Human,Post-deployment,Intentional
MIT,1013,True,4. Malicious Actors & Misuse,"4.3. Fraud, scams, and targeted manipulation",Human,Post-deployment,Intentional
MIT,1153,True,4. Malicious Actors & Misuse,"4.3. Fraud, scams, and targeted manipulation",Human,Post-deployment,Intentional
MIT,1207,True,4. Malicious Actors & Misuse,"4.3. Fraud, scams, and targeted manipulation",Human,Post-deployment,Intentional
MIT,980,True,4. Malicious Actors & Misuse,"4.3. Fraud, scams, and targeted manipulation",AI,Post-deployment,Intentional
MIT,1175,True,3. Misinformation,3.1. False or misleading information,AI,Post-deployment,Intentional
MIT,907,True,4. Malicious Actors & Misuse,"4.3. Fraud, scams, and targeted manipulation",AI,Post-deployment,Intentional
MIT,1209,True,5. Human-Computer Interaction,5.1. Overreliance and unsafe use,AI,Post-deployment,Unintentional
MIT,1125,True,3. Misinformation,3.1. False or misleading information,Human,Post-deployment,Intentional
MIT,1138,True,3. Misinformation,3.1. False or misleading information,AI,Post-deployment,Unintentional
MIT,1179,True,2. Privacy & Security,"2.1. Compromise of privacy by obtaining, leaking or correctly inferring sensitive information",Human,Post-deployment,Unintentional
MIT,911,True,4. Malicious Actors & Misuse,"4.3. Fraud, scams, and targeted manipulation",Human,Post-deployment,Intentional
MIT,1165,True,4. Malicious Actors & Misuse,"4.3. Fraud, scams, and targeted manipulation",AI,Post-deployment,Unintentional
MIT,1109,True,"7. AI system safety, failures, and limitations",7.3. Lack of capability or robustness,AI,Post-deployment,Unintentional
MIT,1001,True,6. Socioeconomic & Environmental Harms,6.1. Power centralization and unfair distribution of benefits,AI,Post-deployment,Intentional
MIT,1083,True,"7. AI system safety, failures, and limitations",7.3. Lack of capability or robustness,AI,Post-deployment,Intentional
MIT,1181,True,3. Misinformation,3.1. False or misleading information,AI,Post-deployment,Unintentional
MIT,1227,True,4. Malicious Actors & Misuse,"4.3. Fraud, scams, and targeted manipulation",AI,Post-deployment,Intentional
MIT,1232,True,"7. AI system safety, failures, and limitations",7.3. Lack of capability or robustness,AI,Post-deployment,Unintentional
MIT,1110,True,4. Malicious Actors & Misuse,"4.3. Fraud, scams, and targeted manipulation",Human,Post-deployment,Intentional
MIT,998,True,3. Misinformation,3.1. False or misleading information,AI,Post-deployment,Unintentional
MIT,1025,True,3. Misinformation,3.1. False or misleading information,AI,Post-deployment,Intentional
MIT,1233,True,4. Malicious Actors & Misuse,"4.1. Disinformation, surveillance, and influence at scale",AI,Post-deployment,Intentional
MIT,1071,True,5. Human-Computer Interaction,5.1. Overreliance and unsafe use,Human,Post-deployment,Intentional
MIT,932,True,"7. AI system safety, failures, and limitations",7.3. Lack of capability or robustness,AI,Post-deployment,Unintentional
MIT,1184,True,3. Misinformation,3.1. False or misleading information,Human,Post-deployment,Unintentional
MIT,983,True,4. Malicious Actors & Misuse,"4.3. Fraud, scams, and targeted manipulation",Human,Post-deployment,Intentional
MIT,1214,True,4. Malicious Actors & Misuse,"4.3. Fraud, scams, and targeted manipulation",Human,Post-deployment,Intentional
MIT,914,True,4. Malicious Actors & Misuse,"4.3. Fraud, scams, and targeted manipulation",Human,Post-deployment,Intentional
MIT,958,True,4. Malicious Actors & Misuse,"4.3. Fraud, scams, and targeted manipulation",Human,Post-deployment,Intentional
MIT,1055,True,4. Malicious Actors & Misuse,"4.1. Disinformation, surveillance, and influence at scale",Human,Post-deployment,Intentional
MIT,1239,True,4. Malicious Actors & Misuse,"4.3. Fraud, scams, and targeted manipulation",Human,Post-deployment,Intentional
MIT,1235,True,4. Malicious Actors & Misuse,"4.3. Fraud, scams, and targeted manipulation",Human,Post-deployment,Intentional
MIT,912,True,4. Malicious Actors & Misuse,"4.3. Fraud, scams, and targeted manipulation",Human,Post-deployment,Intentional
MIT,1135,True,4. Malicious Actors & Misuse,"4.3. Fraud, scams, and targeted manipulation",Human,Pre-deployment,Intentional
MIT,973,True,4. Malicious Actors & Misuse,"4.3. Fraud, scams, and targeted manipulation",Human,Post-deployment,Intentional
MIT,928,True,4. Malicious Actors & Misuse,"4.3. Fraud, scams, and targeted manipulation",AI,Post-deployment,Intentional
MIT,953,True,4. Malicious Actors & Misuse,"4.3. Fraud, scams, and targeted manipulation",Human,Post-deployment,Intentional
MIT,1201,True,4. Malicious Actors & Misuse,"4.2. Cyberattacks, weapon development or use, and mass harm",Human,Post-deployment,Intentional
MIT,1038,True,4. Malicious Actors & Misuse,"4.3. Fraud, scams, and targeted manipulation",Human,Post-deployment,Intentional
MIT,1012,True,4. Malicious Actors & Misuse,"4.3. Fraud, scams, and targeted manipulation",Human,Post-deployment,Intentional
MIT,959,True,4. Malicious Actors & Misuse,"4.3. Fraud, scams, and targeted manipulation",Human,Post-deployment,Intentional
MIT,1216,True,3. Misinformation,3.1. False or misleading information,AI,Post-deployment,Unintentional
MIT,1172,True,2. Privacy & Security,"2.1. Compromise of privacy by obtaining, leaking or correctly inferring sensitive information",AI,Post-deployment,Unintentional
MIT,1072,True,3. Misinformation,3.1. False or misleading information,Human,Post-deployment,Intentional
MIT,1026,True,1. Discrimination and Toxicity,1.2. Exposure to toxic content,AI,Post-deployment,Unintentional
MIT,971,True,4. Malicious Actors & Misuse,"4.1. Disinformation, surveillance, and influence at scale",Human,Pre-deployment,Intentional
MIT,1052,True,3. Misinformation,3.1. False or misleading information,AI,Post-deployment,Intentional
MIT,1089,True,4. Malicious Actors & Misuse,"4.1. Disinformation, surveillance, and influence at scale",AI,Post-deployment,Intentional
MIT,975,True,1. Discrimination and Toxicity,1.2. Exposure to toxic content,Human,Post-deployment,Intentional
MIT,908,True,4. Malicious Actors & Misuse,"4.3. Fraud, scams, and targeted manipulation",Human,Post-deployment,Intentional
MIT,1018,True,4. Malicious Actors & Misuse,"4.3. Fraud, scams, and targeted manipulation",AI,Post-deployment,Unintentional
MIT,923,True,4. Malicious Actors & Misuse,"4.3. Fraud, scams, and targeted manipulation",AI,Post-deployment,Intentional
MIT,1082,True,"7. AI system safety, failures, and limitations",7.3. Lack of capability or robustness,AI,Post-deployment,Intentional
MIT,909,True,4. Malicious Actors & Misuse,"4.1. Disinformation, surveillance, and influence at scale",Human,Post-deployment,Intentional
MIT,1246,True,4. Malicious Actors & Misuse,"4.3. Fraud, scams, and targeted manipulation",AI,Post-deployment,Intentional
MIT,948,True,4. Malicious Actors & Misuse,"4.3. Fraud, scams, and targeted manipulation",Human,Post-deployment,Intentional
MIT,1205,True,3. Misinformation,3.1. False or misleading information,AI,Post-deployment,Unintentional
MIT,1203,True,4. Malicious Actors & Misuse,"4.3. Fraud, scams, and targeted manipulation",Human,Post-deployment,Intentional
MIT,884,True,4. Malicious Actors & Misuse,"4.1. Disinformation, surveillance, and influence at scale",AI,Post-deployment,Intentional
MIT,1040,True,1. Discrimination and Toxicity,1.2. Exposure to toxic content,AI,Post-deployment,Unintentional
MIT,1195,True,4. Malicious Actors & Misuse,"4.1. Disinformation, surveillance, and influence at scale",AI,Post-deployment,Intentional
MIT,1100,True,4. Malicious Actors & Misuse,"4.3. Fraud, scams, and targeted manipulation",AI,Post-deployment,Intentional
MIT,1148,True,4. Malicious Actors & Misuse,"4.3. Fraud, scams, and targeted manipulation",Human,Post-deployment,Intentional
MIT,1104,True,4. Malicious Actors & Misuse,"4.2. Cyberattacks, weapon development or use, and mass harm",AI,Post-deployment,Unintentional
MIT,1023,True,3. Misinformation,3.1. False or misleading information,AI,Post-deployment,Intentional
MIT,1196,True,3. Misinformation,3.1. False or misleading information,Human,Post-deployment,Unintentional
MIT,1132,True,4. Malicious Actors & Misuse,"4.3. Fraud, scams, and targeted manipulation",Human,Post-deployment,Intentional
MIT,1244,True,1. Discrimination and Toxicity,1.2. Exposure to toxic content,Human,Post-deployment,Intentional
MIT,1095,True,4. Malicious Actors & Misuse,"4.1. Disinformation, surveillance, and influence at scale",Human,Post-deployment,Intentional
MIT,1000,True,1. Discrimination and Toxicity,1.1. Unfair discrimination and misrepresentation,AI,Post-deployment,Unintentional
MIT,1020,True,2. Privacy & Security,"2.1. Compromise of privacy by obtaining, leaking or correctly inferring sensitive information",Human,Post-deployment,Unintentional
MIT,1147,True,4. Malicious Actors & Misuse,"4.3. Fraud, scams, and targeted manipulation",Human,Post-deployment,Intentional
MIT,1189,True,4. Malicious Actors & Misuse,"4.3. Fraud, scams, and targeted manipulation",AI,Post-deployment,Intentional
MIT,886,True,4. Malicious Actors & Misuse,"4.2. Cyberattacks, weapon development or use, and mass harm",AI,Post-deployment,Unintentional
MIT,929,True,4. Malicious Actors & Misuse,"4.1. Disinformation, surveillance, and influence at scale",AI,Post-deployment,Intentional
MIT,883,True,4. Malicious Actors & Misuse,"4.3. Fraud, scams, and targeted manipulation",AI,Post-deployment,Intentional
MIT,892,True,"7. AI system safety, failures, and limitations",7.3. Lack of capability or robustness,AI,Post-deployment,Unintentional
MIT,1131,True,4. Malicious Actors & Misuse,"4.3. Fraud, scams, and targeted manipulation",Human,Post-deployment,Intentional
MIT,1044,True,3. Misinformation,3.1. False or misleading information,AI,Post-deployment,Unintentional
MIT,1106,True,5. Human-Computer Interaction,5.1. Overreliance and unsafe use,AI,Post-deployment,Unintentional
MIT,1014,True,4. Malicious Actors & Misuse,"4.3. Fraud, scams, and targeted manipulation",Human,Post-deployment,Intentional
MIT,897,True,4. Malicious Actors & Misuse,"4.3. Fraud, scams, and targeted manipulation",Human,Post-deployment,Intentional
MIT,1090,True,4. Malicious Actors & Misuse,"4.3. Fraud, scams, and targeted manipulation",Human,Post-deployment,Intentional
MIT,1033,True,3. Misinformation,3.1. False or misleading information,AI,Post-deployment,Intentional
MIT,891,True,4. Malicious Actors & Misuse,"4.3. Fraud, scams, and targeted manipulation",Human,Post-deployment,Intentional
MIT,1191,True,"7. AI system safety, failures, and limitations",7.3. Lack of capability or robustness,AI,Post-deployment,Unintentional
MIT,1222,True,"7. AI system safety, failures, and limitations",7.3. Lack of capability or robustness,AI,Post-deployment,Unintentional
MIT,1076,True,4. Malicious Actors & Misuse,"4.3. Fraud, scams, and targeted manipulation",Human,Post-deployment,Intentional
MIT,1197,True,3. Misinformation,3.1. False or misleading information,AI,Post-deployment,Unintentional
MIT,1123,True,4. Malicious Actors & Misuse,"4.3. Fraud, scams, and targeted manipulation",Human,Post-deployment,Intentional
MIT,1039,True,3. Misinformation,3.1. False or misleading information,AI,Post-deployment,Unintentional
MIT,979,True,1. Discrimination and Toxicity,1.2. Exposure to toxic content,Human,Post-deployment,Intentional
MIT,984,True,4. Malicious Actors & Misuse,"4.3. Fraud, scams, and targeted manipulation",Human,Post-deployment,Intentional
MIT,1171,True,2. Privacy & Security,2.2. AI system security vulnerabilities and attacks,Other,Post-deployment,Other
MIT,1070,True,2. Privacy & Security,"2.1. Compromise of privacy by obtaining, leaking or correctly inferring sensitive information",AI,Post-deployment,Unintentional
MIT,940,True,"7. AI system safety, failures, and limitations",7.3. Lack of capability or robustness,AI,Post-deployment,Unintentional
MIT,1143,True,4. Malicious Actors & Misuse,"4.3. Fraud, scams, and targeted manipulation",Human,Post-deployment,Intentional
MIT,1015,True,4. Malicious Actors & Misuse,"4.2. Cyberattacks, weapon development or use, and mass harm",Human,Post-deployment,Intentional
MIT,1122,True,4. Malicious Actors & Misuse,"4.3. Fraud, scams, and targeted manipulation",Human,Post-deployment,Intentional
MIT,1058,True,3. Misinformation,3.1. False or misleading information,AI,Post-deployment,Other
MIT,1252,True,3. Misinformation,3.1. False or misleading information,AI,Post-deployment,Unintentional
MIT,1086,True,3. Misinformation,3.1. False or misleading information,AI,Post-deployment,Intentional
MIT,1066,True,4. Malicious Actors & Misuse,"4.3. Fraud, scams, and targeted manipulation",Human,Post-deployment,Intentional
MIT,901,True,4. Malicious Actors & Misuse,"4.3. Fraud, scams, and targeted manipulation",Human,Post-deployment,Intentional
MIT,1036,True,4. Malicious Actors & Misuse,"4.3. Fraud, scams, and targeted manipulation",AI,Post-deployment,Intentional
MIT,1223,True,4. Malicious Actors & Misuse,"4.3. Fraud, scams, and targeted manipulation",Human,Post-deployment,Intentional
MIT,930,True,4. Malicious Actors & Misuse,"4.3. Fraud, scams, and targeted manipulation",Human,Post-deployment,Intentional
MIT,1247,True,3. Misinformation,3.1. False or misleading information,AI,Post-deployment,Unintentional
MIT,1237,True,4. Malicious Actors & Misuse,"4.3. Fraud, scams, and targeted manipulation",Human,Post-deployment,Intentional
MIT,1045,True,4. Malicious Actors & Misuse,"4.3. Fraud, scams, and targeted manipulation",Human,Post-deployment,Intentional
MIT,1128,True,3. Misinformation,3.1. False or misleading information,Human,Post-deployment,Intentional
MIT,1049,True,3. Misinformation,3.1. False or misleading information,Human,Post-deployment,Intentional
MIT,1056,True,4. Malicious Actors & Misuse,"4.3. Fraud, scams, and targeted manipulation",Human,Post-deployment,Intentional
MIT,1228,True,2. Privacy & Security,"2.1. Compromise of privacy by obtaining, leaking or correctly inferring sensitive information",Human,Post-deployment,Unintentional
MIT,969,True,4. Malicious Actors & Misuse,"4.1. Disinformation, surveillance, and influence at scale",AI,Post-deployment,Intentional
MIT,1050,True,3. Misinformation,3.1. False or misleading information,AI,Post-deployment,Other
MIT,1158,True,2. Privacy & Security,2.2. AI system security vulnerabilities and attacks,Human,Post-deployment,Intentional
MIT,1213,True,2. Privacy & Security,"2.1. Compromise of privacy by obtaining, leaking or correctly inferring sensitive information",AI,Post-deployment,Unintentional
MIT,1224,True,4. Malicious Actors & Misuse,"4.3. Fraud, scams, and targeted manipulation",Human,Post-deployment,Intentional
MIT,962,True,4. Malicious Actors & Misuse,"4.3. Fraud, scams, and targeted manipulation",AI,Post-deployment,Intentional
MIT,902,True,4. Malicious Actors & Misuse,"4.3. Fraud, scams, and targeted manipulation",Human,Post-deployment,Intentional
MIT,922,True,4. Malicious Actors & Misuse,"4.3. Fraud, scams, and targeted manipulation",AI,Post-deployment,Intentional
MIT,1017,True,4. Malicious Actors & Misuse,"4.3. Fraud, scams, and targeted manipulation",Human,Post-deployment,Intentional
MIT,1047,True,4. Malicious Actors & Misuse,"4.3. Fraud, scams, and targeted manipulation",AI,Post-deployment,Intentional
MIT,905,True,4. Malicious Actors & Misuse,"4.3. Fraud, scams, and targeted manipulation",Human,Post-deployment,Intentional
MIT,895,True,4. Malicious Actors & Misuse,"4.3. Fraud, scams, and targeted manipulation",Human,Post-deployment,Intentional
MIT,1241,True,4. Malicious Actors & Misuse,"4.3. Fraud, scams, and targeted manipulation",Human,Post-deployment,Intentional
MIT,1064,True,4. Malicious Actors & Misuse,"4.3. Fraud, scams, and targeted manipulation",Human,Post-deployment,Intentional
MIT,919,True,4. Malicious Actors & Misuse,"4.3. Fraud, scams, and targeted manipulation",AI,Post-deployment,Intentional
MIT,1221,True,4. Malicious Actors & Misuse,"4.1. Disinformation, surveillance, and influence at scale",Human,Post-deployment,Intentional
MIT,960,True,3. Misinformation,3.1. False or misleading information,AI,Post-deployment,Unintentional
MIT,1080,True,4. Malicious Actors & Misuse,"4.3. Fraud, scams, and targeted manipulation",Human,Post-deployment,Intentional
